timestamp,zone_id,hour_of_day,day_of_week,event_flag,weather_flag,density
2026-01-24 00:00:00,Library,0,5,0,1,4
2026-01-24 00:00:00,Gate3,0,5,0,1,5
2026-01-24 00:00:00,Cafeteria,0,5,0,1,6
2026-01-24 00:00:00,HostelArea,0,5,0,1,4
2026-01-24 00:00:00,MainBlock,0,5,0,1,5
2026-01-24 01:00:00,Library,1,5,0,1,3
2026-01-24 01:00:00,Gate3,1,5,0,1,7
2026-01-24 01:00:00,Cafeteria,1,5,0,1,6
2026-01-24 01:00:00,HostelArea,1,5,0,1,3
2026-01-24 01:00:00,MainBlock,1,5,0,1,6
2026-01-24 02:00:00,Library,2,5,0,1,6
2026-01-24 02:00:00,Gate3,2,5,0,1,4
2026-01-24 02:00:00,Cafeteria,2,5,0,1,5
2026-01-24 02:00:00,HostelArea,2,5,0,1,3
2026-01-24 02:00:00,MainBlock,2,5,0,1,5
2026-01-24 03:00:00,Library,3,5,0,1,4
2026-01-24 03:00:00,Gate3,3,5,0,1,4
2026-01-24 03:00:00,Cafeteria,3,5,0,1,4
2026-01-24 03:00:00,HostelArea,3,5,0,1,4
2026-01-24 03:00:00,MainBlock,3,5,0,1,6
2026-01-24 04:00:00,Library,4,5,0,1,6
2026-01-24 04:00:00,Gate3,4,5,0,1,5
2026-01-24 04:00:00,Cafeteria,4,5,0,1,7
2026-01-24 04:00:00,HostelArea,4,5,0,1,5
2026-01-24 04:00:00,MainBlock,4,5,0,1,4
2026-01-24 05:00:00,Library,5,5,0,1,4
2026-01-24 05:00:00,Gate3,5,5,0,1,4
2026-01-24 05:00:00,Cafeteria,5,5,0,1,6
2026-01-24 05:00:00,HostelArea,5,5,0,1,5
2026-01-24 05:00:00,MainBlock,5,5,0,1,7
2026-01-24 06:00:00,Library,6,5,0,1,6
2026-01-24 06:00:00,Gate3,6,5,0,1,5
2026-01-24 06:00:00,Cafeteria,6,5,0,1,5
2026-01-24 06:00:00,HostelArea,6,5,0,1,4
2026-01-24 06:00:00,MainBlock,6,5,0,1,8
2026-01-24 07:00:00,Library,7,5,0,1,7
2026-01-24 07:00:00,Gate3,7,5,0,1,6
2026-01-24 07:00:00,Cafeteria,7,5,0,1,4
2026-01-24 07:00:00,HostelArea,7,5,0,1,6
2026-01-24 07:00:00,MainBlock,7,5,0,1,6
2026-01-24 08:00:00,Library,8,5,0,1,13
2026-01-24 08:00:00,Gate3,8,5,0,1,13
2026-01-24 08:00:00,Cafeteria,8,5,0,1,17
2026-01-24 08:00:00,HostelArea,8,5,0,1,12
2026-01-24 08:00:00,MainBlock,8,5,0,1,22
2026-01-24 09:00:00,Library,9,5,0,1,21
2026-01-24 09:00:00,Gate3,9,5,0,1,30
2026-01-24 09:00:00,Cafeteria,9,5,0,1,15
2026-01-24 09:00:00,HostelArea,9,5,0,1,20
2026-01-24 09:00:00,MainBlock,9,5,0,1,15
2026-01-24 10:00:00,Library,10,5,0,1,17
2026-01-24 10:00:00,Gate3,10,5,0,1,17
2026-01-24 10:00:00,Cafeteria,10,5,0,1,14
2026-01-24 10:00:00,HostelArea,10,5,0,1,16
2026-01-24 10:00:00,MainBlock,10,5,0,1,19
2026-01-24 11:00:00,Library,11,5,0,1,14
2026-01-24 11:00:00,Gate3,11,5,0,1,18
2026-01-24 11:00:00,Cafeteria,11,5,0,1,12
2026-01-24 11:00:00,HostelArea,11,5,0,1,16
2026-01-24 11:00:00,MainBlock,11,5,0,1,11
2026-01-24 12:00:00,Library,12,5,0,1,30
2026-01-24 12:00:00,Gate3,12,5,0,1,20
2026-01-24 12:00:00,Cafeteria,12,5,0,1,32
2026-01-24 12:00:00,HostelArea,12,5,0,1,22
2026-01-24 12:00:00,MainBlock,12,5,0,1,26
2026-01-24 13:00:00,Library,13,5,0,1,30
2026-01-24 13:00:00,Gate3,13,5,0,1,26
2026-01-24 13:00:00,Cafeteria,13,5,0,1,26
2026-01-24 13:00:00,HostelArea,13,5,0,1,37
2026-01-24 13:00:00,MainBlock,13,5,0,1,26
2026-01-24 14:00:00,Library,14,5,0,1,34
2026-01-24 14:00:00,Gate3,14,5,0,1,27
2026-01-24 14:00:00,Cafeteria,14,5,0,1,41
2026-01-24 14:00:00,HostelArea,14,5,0,1,27
2026-01-24 14:00:00,MainBlock,14,5,0,1,27
2026-01-24 15:00:00,Library,15,5,0,1,16
2026-01-24 15:00:00,Gate3,15,5,0,1,19
2026-01-24 15:00:00,Cafeteria,15,5,0,1,14
2026-01-24 15:00:00,HostelArea,15,5,0,1,16
2026-01-24 15:00:00,MainBlock,15,5,0,1,18
2026-01-24 16:00:00,Library,16,5,0,1,11
2026-01-24 16:00:00,Gate3,16,5,0,1,14
2026-01-24 16:00:00,Cafeteria,16,5,0,1,22
2026-01-24 16:00:00,HostelArea,16,5,0,1,17
2026-01-24 16:00:00,MainBlock,16,5,0,1,16
2026-01-24 17:00:00,Library,17,5,0,1,27
2026-01-24 17:00:00,Gate3,17,5,0,1,47
2026-01-24 17:00:00,Cafeteria,17,5,0,1,25
2026-01-24 17:00:00,HostelArea,17,5,0,1,24
2026-01-24 17:00:00,MainBlock,17,5,0,1,28
2026-01-24 18:00:00,Library,18,5,0,1,24
2026-01-24 18:00:00,Gate3,18,5,0,1,36
2026-01-24 18:00:00,Cafeteria,18,5,0,1,34
2026-01-24 18:00:00,HostelArea,18,5,0,1,21
2026-01-24 18:00:00,MainBlock,18,5,0,1,31
2026-01-24 19:00:00,Library,19,5,0,1,4
2026-01-24 19:00:00,Gate3,19,5,0,1,6
2026-01-24 19:00:00,Cafeteria,19,5,0,1,5
2026-01-24 19:00:00,HostelArea,19,5,0,1,4
2026-01-24 19:00:00,MainBlock,19,5,0,1,3
2026-01-24 20:00:00,Library,20,5,0,1,6
2026-01-24 20:00:00,Gate3,20,5,0,1,5
2026-01-24 20:00:00,Cafeteria,20,5,0,1,5
2026-01-24 20:00:00,HostelArea,20,5,0,1,4
2026-01-24 20:00:00,MainBlock,20,5,0,1,7
2026-01-24 21:00:00,Library,21,5,0,1,4
2026-01-24 21:00:00,Gate3,21,5,0,1,5
2026-01-24 21:00:00,Cafeteria,21,5,0,1,4
2026-01-24 21:00:00,HostelArea,21,5,0,1,6
2026-01-24 21:00:00,MainBlock,21,5,0,1,4
2026-01-24 22:00:00,Library,22,5,0,1,7
2026-01-24 22:00:00,Gate3,22,5,0,1,5
2026-01-24 22:00:00,Cafeteria,22,5,0,1,3
2026-01-24 22:00:00,HostelArea,22,5,0,1,5
2026-01-24 22:00:00,MainBlock,22,5,0,1,5
2026-01-24 23:00:00,Library,23,5,0,1,10
2026-01-24 23:00:00,Gate3,23,5,0,1,6
2026-01-24 23:00:00,Cafeteria,23,5,0,1,4
2026-01-24 23:00:00,HostelArea,23,5,0,1,3
2026-01-24 23:00:00,MainBlock,23,5,0,1,6
2026-01-25 00:00:00,Library,0,6,0,0,7
2026-01-25 00:00:00,Gate3,0,6,0,0,8
2026-01-25 00:00:00,Cafeteria,0,6,0,0,5
2026-01-25 00:00:00,HostelArea,0,6,0,0,5
2026-01-25 00:00:00,MainBlock,0,6,0,0,7
2026-01-25 01:00:00,Library,1,6,0,0,10
2026-01-25 01:00:00,Gate3,1,6,0,0,8
2026-01-25 01:00:00,Cafeteria,1,6,0,0,4
2026-01-25 01:00:00,HostelArea,1,6,0,0,7
2026-01-25 01:00:00,MainBlock,1,6,0,0,4
2026-01-25 02:00:00,Library,2,6,0,0,10
2026-01-25 02:00:00,Gate3,2,6,0,0,8
2026-01-25 02:00:00,Cafeteria,2,6,0,0,6
2026-01-25 02:00:00,HostelArea,2,6,0,0,7
2026-01-25 02:00:00,MainBlock,2,6,0,0,7
2026-01-25 03:00:00,Library,3,6,0,0,7
2026-01-25 03:00:00,Gate3,3,6,0,0,5
2026-01-25 03:00:00,Cafeteria,3,6,0,0,9
2026-01-25 03:00:00,HostelArea,3,6,0,0,6
2026-01-25 03:00:00,MainBlock,3,6,0,0,6
2026-01-25 04:00:00,Library,4,6,0,0,6
2026-01-25 04:00:00,Gate3,4,6,0,0,10
2026-01-25 04:00:00,Cafeteria,4,6,0,0,8
2026-01-25 04:00:00,HostelArea,4,6,0,0,8
2026-01-25 04:00:00,MainBlock,4,6,0,0,7
2026-01-25 05:00:00,Library,5,6,0,0,7
2026-01-25 05:00:00,Gate3,5,6,0,0,8
2026-01-25 05:00:00,Cafeteria,5,6,0,0,6
2026-01-25 05:00:00,HostelArea,5,6,0,0,7
2026-01-25 05:00:00,MainBlock,5,6,0,0,6
2026-01-25 06:00:00,Library,6,6,0,0,9
2026-01-25 06:00:00,Gate3,6,6,0,0,10
2026-01-25 06:00:00,Cafeteria,6,6,0,0,9
2026-01-25 06:00:00,HostelArea,6,6,0,0,7
2026-01-25 06:00:00,MainBlock,6,6,0,0,10
2026-01-25 07:00:00,Library,7,6,0,0,9
2026-01-25 07:00:00,Gate3,7,6,0,0,8
2026-01-25 07:00:00,Cafeteria,7,6,0,0,8
2026-01-25 07:00:00,HostelArea,7,6,0,0,7
2026-01-25 07:00:00,MainBlock,7,6,0,0,7
2026-01-25 08:00:00,Library,8,6,0,0,32
2026-01-25 08:00:00,Gate3,8,6,0,0,16
2026-01-25 08:00:00,Cafeteria,8,6,0,0,28
2026-01-25 08:00:00,HostelArea,8,6,0,0,33
2026-01-25 08:00:00,MainBlock,8,6,0,0,25
2026-01-25 09:00:00,Library,9,6,0,0,21
2026-01-25 09:00:00,Gate3,9,6,0,0,34
2026-01-25 09:00:00,Cafeteria,9,6,0,0,23
2026-01-25 09:00:00,HostelArea,9,6,0,0,19
2026-01-25 09:00:00,MainBlock,9,6,0,0,29
2026-01-25 10:00:00,Library,10,6,0,0,24
2026-01-25 10:00:00,Gate3,10,6,0,0,20
2026-01-25 10:00:00,Cafeteria,10,6,0,0,36
2026-01-25 10:00:00,HostelArea,10,6,0,0,14
2026-01-25 10:00:00,MainBlock,10,6,0,0,21
2026-01-25 11:00:00,Library,11,6,0,0,18
2026-01-25 11:00:00,Gate3,11,6,0,0,28
2026-01-25 11:00:00,Cafeteria,11,6,0,0,25
2026-01-25 11:00:00,HostelArea,11,6,0,0,18
2026-01-25 11:00:00,MainBlock,11,6,0,0,19
2026-01-25 12:00:00,Library,12,6,0,0,56
2026-01-25 12:00:00,Gate3,12,6,0,0,46
2026-01-25 12:00:00,Cafeteria,12,6,0,0,40
2026-01-25 12:00:00,HostelArea,12,6,0,0,21
2026-01-25 12:00:00,MainBlock,12,6,0,0,38
2026-01-25 13:00:00,Library,13,6,0,0,39
2026-01-25 13:00:00,Gate3,13,6,0,0,27
2026-01-25 13:00:00,Cafeteria,13,6,0,0,36
2026-01-25 13:00:00,HostelArea,13,6,0,0,39
2026-01-25 13:00:00,MainBlock,13,6,0,0,24
2026-01-25 14:00:00,Library,14,6,0,0,35
2026-01-25 14:00:00,Gate3,14,6,0,0,41
2026-01-25 14:00:00,Cafeteria,14,6,0,0,45
2026-01-25 14:00:00,HostelArea,14,6,0,0,42
2026-01-25 14:00:00,MainBlock,14,6,0,0,40
2026-01-25 15:00:00,Library,15,6,0,0,22
2026-01-25 15:00:00,Gate3,15,6,0,0,30
2026-01-25 15:00:00,Cafeteria,15,6,0,0,27
2026-01-25 15:00:00,HostelArea,15,6,0,0,14
2026-01-25 15:00:00,MainBlock,15,6,0,0,25
2026-01-25 16:00:00,Library,16,6,0,0,29
2026-01-25 16:00:00,Gate3,16,6,0,0,20
2026-01-25 16:00:00,Cafeteria,16,6,0,0,30
2026-01-25 16:00:00,HostelArea,16,6,0,0,26
2026-01-25 16:00:00,MainBlock,16,6,0,0,19
2026-01-25 17:00:00,Library,17,6,0,0,49
2026-01-25 17:00:00,Gate3,17,6,0,0,52
2026-01-25 17:00:00,Cafeteria,17,6,0,0,27
2026-01-25 17:00:00,HostelArea,17,6,0,0,34
2026-01-25 17:00:00,MainBlock,17,6,0,0,47
2026-01-25 18:00:00,Library,18,6,0,0,28
2026-01-25 18:00:00,Gate3,18,6,0,0,45
2026-01-25 18:00:00,Cafeteria,18,6,0,0,41
2026-01-25 18:00:00,HostelArea,18,6,0,0,58
2026-01-25 18:00:00,MainBlock,18,6,0,0,48
2026-01-25 19:00:00,Library,19,6,0,0,5
2026-01-25 19:00:00,Gate3,19,6,0,0,8
2026-01-25 19:00:00,Cafeteria,19,6,0,0,10
2026-01-25 19:00:00,HostelArea,19,6,0,0,6
2026-01-25 19:00:00,MainBlock,19,6,0,0,9
2026-01-25 20:00:00,Library,20,6,0,0,6
2026-01-25 20:00:00,Gate3,20,6,0,0,8
2026-01-25 20:00:00,Cafeteria,20,6,0,0,7
2026-01-25 20:00:00,HostelArea,20,6,0,0,4
2026-01-25 20:00:00,MainBlock,20,6,0,0,8
2026-01-25 21:00:00,Library,21,6,0,0,8
2026-01-25 21:00:00,Gate3,21,6,0,0,10
2026-01-25 21:00:00,Cafeteria,21,6,0,0,6
2026-01-25 21:00:00,HostelArea,21,6,0,0,7
2026-01-25 21:00:00,MainBlock,21,6,0,0,7
2026-01-25 22:00:00,Library,22,6,0,0,17
2026-01-25 22:00:00,Gate3,22,6,0,0,8
2026-01-25 22:00:00,Cafeteria,22,6,0,0,6
2026-01-25 22:00:00,HostelArea,22,6,0,0,9
2026-01-25 22:00:00,MainBlock,22,6,0,0,8
2026-01-25 23:00:00,Library,23,6,0,0,12
2026-01-25 23:00:00,Gate3,23,6,0,0,8
2026-01-25 23:00:00,Cafeteria,23,6,0,0,7
2026-01-25 23:00:00,HostelArea,23,6,0,0,11
2026-01-25 23:00:00,MainBlock,23,6,0,0,8
2026-01-26 00:00:00,Library,0,0,0,1,16
2026-01-26 00:00:00,Gate3,0,0,0,1,12
2026-01-26 00:00:00,Cafeteria,0,0,0,1,10
2026-01-26 00:00:00,HostelArea,0,0,0,1,19
2026-01-26 00:00:00,MainBlock,0,0,0,1,15
2026-01-26 01:00:00,Library,1,0,0,1,15
2026-01-26 01:00:00,Gate3,1,0,0,1,15
2026-01-26 01:00:00,Cafeteria,1,0,0,1,13
2026-01-26 01:00:00,HostelArea,1,0,0,1,20
2026-01-26 01:00:00,MainBlock,1,0,0,1,12
2026-01-26 02:00:00,Library,2,0,0,1,15
2026-01-26 02:00:00,Gate3,2,0,0,1,11
2026-01-26 02:00:00,Cafeteria,2,0,0,1,11
2026-01-26 02:00:00,HostelArea,2,0,0,1,13
2026-01-26 02:00:00,MainBlock,2,0,0,1,16
2026-01-26 03:00:00,Library,3,0,0,1,16
2026-01-26 03:00:00,Gate3,3,0,0,1,9
2026-01-26 03:00:00,Cafeteria,3,0,0,1,14
2026-01-26 03:00:00,HostelArea,3,0,0,1,11
2026-01-26 03:00:00,MainBlock,3,0,0,1,11
2026-01-26 04:00:00,Library,4,0,0,1,12
2026-01-26 04:00:00,Gate3,4,0,0,1,12
2026-01-26 04:00:00,Cafeteria,4,0,0,1,14
2026-01-26 04:00:00,HostelArea,4,0,0,1,13
2026-01-26 04:00:00,MainBlock,4,0,0,1,8
2026-01-26 05:00:00,Library,5,0,0,1,9
2026-01-26 05:00:00,Gate3,5,0,0,1,12
2026-01-26 05:00:00,Cafeteria,5,0,0,1,13
2026-01-26 05:00:00,HostelArea,5,0,0,1,9
2026-01-26 05:00:00,MainBlock,5,0,0,1,13
2026-01-26 06:00:00,Library,6,0,0,1,14
2026-01-26 06:00:00,Gate3,6,0,0,1,14
2026-01-26 06:00:00,Cafeteria,6,0,0,1,13
2026-01-26 06:00:00,HostelArea,6,0,0,1,10
2026-01-26 06:00:00,MainBlock,6,0,0,1,14
2026-01-26 07:00:00,Library,7,0,0,1,11
2026-01-26 07:00:00,Gate3,7,0,0,1,16
2026-01-26 07:00:00,Cafeteria,7,0,0,1,14
2026-01-26 07:00:00,HostelArea,7,0,0,1,13
2026-01-26 07:00:00,MainBlock,7,0,0,1,13
2026-01-26 08:00:00,Library,8,0,0,1,45
2026-01-26 08:00:00,Gate3,8,0,0,1,43
2026-01-26 08:00:00,Cafeteria,8,0,0,1,50
2026-01-26 08:00:00,HostelArea,8,0,0,1,47
2026-01-26 08:00:00,MainBlock,8,0,0,1,37
2026-01-26 09:00:00,Library,9,0,0,1,39
2026-01-26 09:00:00,Gate3,9,0,0,1,54
2026-01-26 09:00:00,Cafeteria,9,0,0,1,48
2026-01-26 09:00:00,HostelArea,9,0,0,1,65
2026-01-26 09:00:00,MainBlock,9,0,0,1,26
2026-01-26 10:00:00,Library,10,0,0,1,35
2026-01-26 10:00:00,Gate3,10,0,0,1,34
2026-01-26 10:00:00,Cafeteria,10,0,0,1,36
2026-01-26 10:00:00,HostelArea,10,0,0,1,44
2026-01-26 10:00:00,MainBlock,10,0,0,1,32
2026-01-26 11:00:00,Library,11,0,0,1,37
2026-01-26 11:00:00,Gate3,11,0,0,1,47
2026-01-26 11:00:00,Cafeteria,11,0,0,1,53
2026-01-26 11:00:00,HostelArea,11,0,0,1,48
2026-01-26 11:00:00,MainBlock,11,0,0,1,50
2026-01-26 12:00:00,Library,12,0,0,1,84
2026-01-26 12:00:00,Gate3,12,0,0,1,68
2026-01-26 12:00:00,Cafeteria,12,0,0,1,78
2026-01-26 12:00:00,HostelArea,12,0,0,1,63
2026-01-26 12:00:00,MainBlock,12,0,0,1,61
2026-01-26 13:00:00,Library,13,0,0,1,75
2026-01-26 13:00:00,Gate3,13,0,0,1,66
2026-01-26 13:00:00,Cafeteria,13,0,0,1,112
2026-01-26 13:00:00,HostelArea,13,0,0,1,56
2026-01-26 13:00:00,MainBlock,13,0,0,1,45
2026-01-26 14:00:00,Library,14,0,0,1,67
2026-01-26 14:00:00,Gate3,14,0,0,1,49
2026-01-26 14:00:00,Cafeteria,14,0,0,1,54
2026-01-26 14:00:00,HostelArea,14,0,0,1,101
2026-01-26 14:00:00,MainBlock,14,0,0,1,74
2026-01-26 15:00:00,Library,15,0,0,1,37
2026-01-26 15:00:00,Gate3,15,0,0,1,46
2026-01-26 15:00:00,Cafeteria,15,0,0,1,44
2026-01-26 15:00:00,HostelArea,15,0,0,1,44
2026-01-26 15:00:00,MainBlock,15,0,0,1,41
2026-01-26 16:00:00,Library,16,0,0,1,47
2026-01-26 16:00:00,Gate3,16,0,0,1,45
2026-01-26 16:00:00,Cafeteria,16,0,0,1,42
2026-01-26 16:00:00,HostelArea,16,0,0,1,33
2026-01-26 16:00:00,MainBlock,16,0,0,1,39
2026-01-26 17:00:00,Library,17,0,0,1,54
2026-01-26 17:00:00,Gate3,17,0,0,1,104
2026-01-26 17:00:00,Cafeteria,17,0,0,1,91
2026-01-26 17:00:00,HostelArea,17,0,0,1,77
2026-01-26 17:00:00,MainBlock,17,0,0,1,66
2026-01-26 18:00:00,Library,18,0,0,1,71
2026-01-26 18:00:00,Gate3,18,0,0,1,54
2026-01-26 18:00:00,Cafeteria,18,0,0,1,66
2026-01-26 18:00:00,HostelArea,18,0,0,1,66
2026-01-26 18:00:00,MainBlock,18,0,0,1,80
2026-01-26 19:00:00,Library,19,0,0,1,12
2026-01-26 19:00:00,Gate3,19,0,0,1,9
2026-01-26 19:00:00,Cafeteria,19,0,0,1,13
2026-01-26 19:00:00,HostelArea,19,0,0,1,14
2026-01-26 19:00:00,MainBlock,19,0,0,1,14
2026-01-26 20:00:00,Library,20,0,0,1,13
2026-01-26 20:00:00,Gate3,20,0,0,1,14
2026-01-26 20:00:00,Cafeteria,20,0,0,1,13
2026-01-26 20:00:00,HostelArea,20,0,0,1,12
2026-01-26 20:00:00,MainBlock,20,0,0,1,14
2026-01-26 21:00:00,Library,21,0,0,1,9
2026-01-26 21:00:00,Gate3,21,0,0,1,14
2026-01-26 21:00:00,Cafeteria,21,0,0,1,14
2026-01-26 21:00:00,HostelArea,21,0,0,1,12
2026-01-26 21:00:00,MainBlock,21,0,0,1,13
2026-01-26 22:00:00,Library,22,0,0,1,23
2026-01-26 22:00:00,Gate3,22,0,0,1,14
2026-01-26 22:00:00,Cafeteria,22,0,0,1,17
2026-01-26 22:00:00,HostelArea,22,0,0,1,12
2026-01-26 22:00:00,MainBlock,22,0,0,1,9
2026-01-26 23:00:00,Library,23,0,0,1,24
2026-01-26 23:00:00,Gate3,23,0,0,1,13
2026-01-26 23:00:00,Cafeteria,23,0,0,1,16
2026-01-26 23:00:00,HostelArea,23,0,0,1,14
2026-01-26 23:00:00,MainBlock,23,0,0,1,12
2026-01-27 00:00:00,Library,0,1,0,0,14
2026-01-27 00:00:00,Gate3,0,1,0,0,27
2026-01-27 00:00:00,Cafeteria,0,1,0,0,27
2026-01-27 00:00:00,HostelArea,0,1,0,0,14
2026-01-27 00:00:00,MainBlock,0,1,0,0,12
2026-01-27 01:00:00,Library,1,1,0,0,20
2026-01-27 01:00:00,Gate3,1,1,0,0,22
2026-01-27 01:00:00,Cafeteria,1,1,0,0,20
2026-01-27 01:00:00,HostelArea,1,1,0,0,22
2026-01-27 01:00:00,MainBlock,1,1,0,0,17
2026-01-27 02:00:00,Library,2,1,0,0,17
2026-01-27 02:00:00,Gate3,2,1,0,0,16
2026-01-27 02:00:00,Cafeteria,2,1,0,0,16
2026-01-27 02:00:00,HostelArea,2,1,0,0,17
2026-01-27 02:00:00,MainBlock,2,1,0,0,17
2026-01-27 03:00:00,Library,3,1,0,0,18
2026-01-27 03:00:00,Gate3,3,1,0,0,19
2026-01-27 03:00:00,Cafeteria,3,1,0,0,18
2026-01-27 03:00:00,HostelArea,3,1,0,0,18
2026-01-27 03:00:00,MainBlock,3,1,0,0,19
2026-01-27 04:00:00,Library,4,1,0,0,16
2026-01-27 04:00:00,Gate3,4,1,0,0,22
2026-01-27 04:00:00,Cafeteria,4,1,0,0,22
2026-01-27 04:00:00,HostelArea,4,1,0,0,19
2026-01-27 04:00:00,MainBlock,4,1,0,0,15
2026-01-27 05:00:00,Library,5,1,0,0,15
2026-01-27 05:00:00,Gate3,5,1,0,0,22
2026-01-27 05:00:00,Cafeteria,5,1,0,0,21
2026-01-27 05:00:00,HostelArea,5,1,0,0,23
2026-01-27 05:00:00,MainBlock,5,1,0,0,24
2026-01-27 06:00:00,Library,6,1,0,0,17
2026-01-27 06:00:00,Gate3,6,1,0,0,17
2026-01-27 06:00:00,Cafeteria,6,1,0,0,25
2026-01-27 06:00:00,HostelArea,6,1,0,0,15
2026-01-27 06:00:00,MainBlock,6,1,0,0,12
2026-01-27 07:00:00,Library,7,1,0,0,22
2026-01-27 07:00:00,Gate3,7,1,0,0,19
2026-01-27 07:00:00,Cafeteria,7,1,0,0,16
2026-01-27 07:00:00,HostelArea,7,1,0,0,23
2026-01-27 07:00:00,MainBlock,7,1,0,0,19
2026-01-27 08:00:00,Library,8,1,0,0,79
2026-01-27 08:00:00,Gate3,8,1,0,0,65
2026-01-27 08:00:00,Cafeteria,8,1,0,0,60
2026-01-27 08:00:00,HostelArea,8,1,0,0,69
2026-01-27 08:00:00,MainBlock,8,1,0,0,69
2026-01-27 09:00:00,Library,9,1,0,0,68
2026-01-27 09:00:00,Gate3,9,1,0,0,96
2026-01-27 09:00:00,Cafeteria,9,1,0,0,36
2026-01-27 09:00:00,HostelArea,9,1,0,0,65
2026-01-27 09:00:00,MainBlock,9,1,0,0,67
2026-01-27 10:00:00,Library,10,1,0,0,70
2026-01-27 10:00:00,Gate3,10,1,0,0,64
2026-01-27 10:00:00,Cafeteria,10,1,0,0,75
2026-01-27 10:00:00,HostelArea,10,1,0,0,60
2026-01-27 10:00:00,MainBlock,10,1,0,0,51
2026-01-27 11:00:00,Library,11,1,0,0,67
2026-01-27 11:00:00,Gate3,11,1,0,0,32
2026-01-27 11:00:00,Cafeteria,11,1,0,0,64
2026-01-27 11:00:00,HostelArea,11,1,0,0,60
2026-01-27 11:00:00,MainBlock,11,1,0,0,63
2026-01-27 12:00:00,Library,12,1,0,0,99
2026-01-27 12:00:00,Gate3,12,1,0,0,111
2026-01-27 12:00:00,Cafeteria,12,1,0,0,93
2026-01-27 12:00:00,HostelArea,12,1,0,0,123
2026-01-27 12:00:00,MainBlock,12,1,0,0,106
2026-01-27 13:00:00,Library,13,1,0,0,119
2026-01-27 13:00:00,Gate3,13,1,0,0,110
2026-01-27 13:00:00,Cafeteria,13,1,0,0,111
2026-01-27 13:00:00,HostelArea,13,1,0,0,110
2026-01-27 13:00:00,MainBlock,13,1,0,0,114
2026-01-27 14:00:00,Library,14,1,0,0,65
2026-01-27 14:00:00,Gate3,14,1,0,0,113
2026-01-27 14:00:00,Cafeteria,14,1,0,0,96
2026-01-27 14:00:00,HostelArea,14,1,0,0,106
2026-01-27 14:00:00,MainBlock,14,1,0,0,100
2026-01-27 15:00:00,Library,15,1,0,0,51
2026-01-27 15:00:00,Gate3,15,1,0,0,46
2026-01-27 15:00:00,Cafeteria,15,1,0,0,50
2026-01-27 15:00:00,HostelArea,15,1,0,0,56
2026-01-27 15:00:00,MainBlock,15,1,0,0,54
2026-01-27 16:00:00,Library,16,1,0,0,63
2026-01-27 16:00:00,Gate3,16,1,0,0,76
2026-01-27 16:00:00,Cafeteria,16,1,0,0,45
2026-01-27 16:00:00,HostelArea,16,1,0,0,65
2026-01-27 16:00:00,MainBlock,16,1,0,0,74
2026-01-27 17:00:00,Library,17,1,0,0,98
2026-01-27 17:00:00,Gate3,17,1,0,0,172
2026-01-27 17:00:00,Cafeteria,17,1,0,0,79
2026-01-27 17:00:00,HostelArea,17,1,0,0,82
2026-01-27 17:00:00,MainBlock,17,1,0,0,113
2026-01-27 18:00:00,Library,18,1,0,0,103
2026-01-27 18:00:00,Gate3,18,1,0,0,127
2026-01-27 18:00:00,Cafeteria,18,1,0,0,107
2026-01-27 18:00:00,HostelArea,18,1,0,0,110
2026-01-27 18:00:00,MainBlock,18,1,0,0,80
2026-01-27 19:00:00,Library,19,1,0,0,15
2026-01-27 19:00:00,Gate3,19,1,0,0,22
2026-01-27 19:00:00,Cafeteria,19,1,0,0,10
2026-01-27 19:00:00,HostelArea,19,1,0,0,21
2026-01-27 19:00:00,MainBlock,19,1,0,0,20
2026-01-27 20:00:00,Library,20,1,0,0,26
2026-01-27 20:00:00,Gate3,20,1,0,0,13
2026-01-27 20:00:00,Cafeteria,20,1,0,0,16
2026-01-27 20:00:00,HostelArea,20,1,0,0,21
2026-01-27 20:00:00,MainBlock,20,1,0,0,26
2026-01-27 21:00:00,Library,21,1,0,0,15
2026-01-27 21:00:00,Gate3,21,1,0,0,21
2026-01-27 21:00:00,Cafeteria,21,1,0,0,16
2026-01-27 21:00:00,HostelArea,21,1,0,0,17
2026-01-27 21:00:00,MainBlock,21,1,0,0,21
2026-01-27 22:00:00,Library,22,1,0,0,39
2026-01-27 22:00:00,Gate3,22,1,0,0,24
2026-01-27 22:00:00,Cafeteria,22,1,0,0,19
2026-01-27 22:00:00,HostelArea,22,1,0,0,12
2026-01-27 22:00:00,MainBlock,22,1,0,0,17
2026-01-27 23:00:00,Library,23,1,0,0,50
2026-01-27 23:00:00,Gate3,23,1,0,0,16
2026-01-27 23:00:00,Cafeteria,23,1,0,0,15
2026-01-27 23:00:00,HostelArea,23,1,0,0,24
2026-01-27 23:00:00,MainBlock,23,1,0,0,27
2026-01-28 00:00:00,Library,0,2,0,1,8
2026-01-28 00:00:00,Gate3,0,2,0,1,13
2026-01-28 00:00:00,Cafeteria,0,2,0,1,15
2026-01-28 00:00:00,HostelArea,0,2,0,1,11
2026-01-28 00:00:00,MainBlock,0,2,0,1,13
2026-01-28 01:00:00,Library,1,2,0,1,10
2026-01-28 01:00:00,Gate3,1,2,0,1,12
2026-01-28 01:00:00,Cafeteria,1,2,0,1,13
2026-01-28 01:00:00,HostelArea,1,2,0,1,11
2026-01-28 01:00:00,MainBlock,1,2,0,1,15
2026-01-28 02:00:00,Library,2,2,0,1,13
2026-01-28 02:00:00,Gate3,2,2,0,1,14
2026-01-28 02:00:00,Cafeteria,2,2,0,1,12
2026-01-28 02:00:00,HostelArea,2,2,0,1,15
2026-01-28 02:00:00,MainBlock,2,2,0,1,12
2026-01-28 03:00:00,Library,3,2,0,1,17
2026-01-28 03:00:00,Gate3,3,2,0,1,12
2026-01-28 03:00:00,Cafeteria,3,2,0,1,14
2026-01-28 03:00:00,HostelArea,3,2,0,1,14
2026-01-28 03:00:00,MainBlock,3,2,0,1,18
2026-01-28 04:00:00,Library,4,2,0,1,13
2026-01-28 04:00:00,Gate3,4,2,0,1,16
2026-01-28 04:00:00,Cafeteria,4,2,0,1,12
2026-01-28 04:00:00,HostelArea,4,2,0,1,8
2026-01-28 04:00:00,MainBlock,4,2,0,1,8
2026-01-28 05:00:00,Library,5,2,0,1,13
2026-01-28 05:00:00,Gate3,5,2,0,1,14
2026-01-28 05:00:00,Cafeteria,5,2,0,1,19
2026-01-28 05:00:00,HostelArea,5,2,0,1,14
2026-01-28 05:00:00,MainBlock,5,2,0,1,13
2026-01-28 06:00:00,Library,6,2,0,1,17
2026-01-28 06:00:00,Gate3,6,2,0,1,11
2026-01-28 06:00:00,Cafeteria,6,2,0,1,11
2026-01-28 06:00:00,HostelArea,6,2,0,1,8
2026-01-28 06:00:00,MainBlock,6,2,0,1,13
2026-01-28 07:00:00,Library,7,2,0,1,20
2026-01-28 07:00:00,Gate3,7,2,0,1,15
2026-01-28 07:00:00,Cafeteria,7,2,0,1,10
2026-01-28 07:00:00,HostelArea,7,2,0,1,16
2026-01-28 07:00:00,MainBlock,7,2,0,1,12
2026-01-28 08:00:00,Library,8,2,0,1,40
2026-01-28 08:00:00,Gate3,8,2,0,1,39
2026-01-28 08:00:00,Cafeteria,8,2,0,1,55
2026-01-28 08:00:00,HostelArea,8,2,0,1,38
2026-01-28 08:00:00,MainBlock,8,2,0,1,43
2026-01-28 09:00:00,Library,9,2,0,1,32
2026-01-28 09:00:00,Gate3,9,2,0,1,88
2026-01-28 09:00:00,Cafeteria,9,2,0,1,52
2026-01-28 09:00:00,HostelArea,9,2,0,1,45
2026-01-28 09:00:00,MainBlock,9,2,0,1,39
2026-01-28 10:00:00,Library,10,2,0,1,37
2026-01-28 10:00:00,Gate3,10,2,0,1,39
2026-01-28 10:00:00,Cafeteria,10,2,0,1,37
2026-01-28 10:00:00,HostelArea,10,2,0,1,38
2026-01-28 10:00:00,MainBlock,10,2,0,1,37
2026-01-28 11:00:00,Library,11,2,0,1,34
2026-01-28 11:00:00,Gate3,11,2,0,1,35
2026-01-28 11:00:00,Cafeteria,11,2,0,1,43
2026-01-28 11:00:00,HostelArea,11,2,0,1,47
2026-01-28 11:00:00,MainBlock,11,2,0,1,40
2026-01-28 12:00:00,Library,12,2,0,1,92
2026-01-28 12:00:00,Gate3,12,2,0,1,66
2026-01-28 12:00:00,Cafeteria,12,2,0,1,60
2026-01-28 12:00:00,HostelArea,12,2,0,1,51
2026-01-28 12:00:00,MainBlock,12,2,0,1,93
2026-01-28 13:00:00,Library,13,2,0,1,79
2026-01-28 13:00:00,Gate3,13,2,0,1,70
2026-01-28 13:00:00,Cafeteria,13,2,0,1,61
2026-01-28 13:00:00,HostelArea,13,2,0,1,58
2026-01-28 13:00:00,MainBlock,13,2,0,1,61
2026-01-28 14:00:00,Library,14,2,0,1,80
2026-01-28 14:00:00,Gate3,14,2,0,1,76
2026-01-28 14:00:00,Cafeteria,14,2,0,1,39
2026-01-28 14:00:00,HostelArea,14,2,0,1,83
2026-01-28 14:00:00,MainBlock,14,2,0,1,59
2026-01-28 15:00:00,Library,15,2,0,1,35
2026-01-28 15:00:00,Gate3,15,2,0,1,45
2026-01-28 15:00:00,Cafeteria,15,2,0,1,41
2026-01-28 15:00:00,HostelArea,15,2,0,1,44
2026-01-28 15:00:00,MainBlock,15,2,0,1,32
2026-01-28 16:00:00,Library,16,2,0,1,42
2026-01-28 16:00:00,Gate3,16,2,0,1,46
2026-01-28 16:00:00,Cafeteria,16,2,0,1,42
2026-01-28 16:00:00,HostelArea,16,2,0,1,37
2026-01-28 16:00:00,MainBlock,16,2,0,1,41
2026-01-28 17:00:00,Library,17,2,0,1,79
2026-01-28 17:00:00,Gate3,17,2,0,1,143
2026-01-28 17:00:00,Cafeteria,17,2,0,1,77
2026-01-28 17:00:00,HostelArea,17,2,0,1,84
2026-01-28 17:00:00,MainBlock,17,2,0,1,90
2026-01-28 18:00:00,Library,18,2,0,1,82
2026-01-28 18:00:00,Gate3,18,2,0,1,67
2026-01-28 18:00:00,Cafeteria,18,2,0,1,80
2026-01-28 18:00:00,HostelArea,18,2,0,1,68
2026-01-28 18:00:00,MainBlock,18,2,0,1,74
2026-01-28 19:00:00,Library,19,2,0,1,16
2026-01-28 19:00:00,Gate3,19,2,0,1,13
2026-01-28 19:00:00,Cafeteria,19,2,0,1,9
2026-01-28 19:00:00,HostelArea,19,2,0,1,10
2026-01-28 19:00:00,MainBlock,19,2,0,1,17
2026-01-28 20:00:00,Library,20,2,0,1,13
2026-01-28 20:00:00,Gate3,20,2,0,1,17
2026-01-28 20:00:00,Cafeteria,20,2,0,1,10
2026-01-28 20:00:00,HostelArea,20,2,0,1,15
2026-01-28 20:00:00,MainBlock,20,2,0,1,13
2026-01-28 21:00:00,Library,21,2,0,1,10
2026-01-28 21:00:00,Gate3,21,2,0,1,16
2026-01-28 21:00:00,Cafeteria,21,2,0,1,12
2026-01-28 21:00:00,HostelArea,21,2,0,1,15
2026-01-28 21:00:00,MainBlock,21,2,0,1,12
2026-01-28 22:00:00,Library,22,2,0,1,23
2026-01-28 22:00:00,Gate3,22,2,0,1,17
2026-01-28 22:00:00,Cafeteria,22,2,0,1,12
2026-01-28 22:00:00,HostelArea,22,2,0,1,11
2026-01-28 22:00:00,MainBlock,22,2,0,1,11
2026-01-28 23:00:00,Library,23,2,0,1,25
2026-01-28 23:00:00,Gate3,23,2,0,1,15
2026-01-28 23:00:00,Cafeteria,23,2,0,1,11
2026-01-28 23:00:00,HostelArea,23,2,0,1,14
2026-01-28 23:00:00,MainBlock,23,2,0,1,13
2026-01-29 00:00:00,Library,0,3,0,0,27
2026-01-29 00:00:00,Gate3,0,3,0,0,18
2026-01-29 00:00:00,Cafeteria,0,3,0,0,22
2026-01-29 00:00:00,HostelArea,0,3,0,0,22
2026-01-29 00:00:00,MainBlock,0,3,0,0,24
2026-01-29 01:00:00,Library,1,3,0,0,22
2026-01-29 01:00:00,Gate3,1,3,0,0,17
2026-01-29 01:00:00,Cafeteria,1,3,0,0,18
2026-01-29 01:00:00,HostelArea,1,3,0,0,22
2026-01-29 01:00:00,MainBlock,1,3,0,0,24
2026-01-29 02:00:00,Library,2,3,0,0,23
2026-01-29 02:00:00,Gate3,2,3,0,0,17
2026-01-29 02:00:00,Cafeteria,2,3,0,0,20
2026-01-29 02:00:00,HostelArea,2,3,0,0,21
2026-01-29 02:00:00,MainBlock,2,3,0,0,20
2026-01-29 03:00:00,Library,3,3,0,0,15
2026-01-29 03:00:00,Gate3,3,3,0,0,20
2026-01-29 03:00:00,Cafeteria,3,3,0,0,21
2026-01-29 03:00:00,HostelArea,3,3,0,0,17
2026-01-29 03:00:00,MainBlock,3,3,0,0,18
2026-01-29 04:00:00,Library,4,3,0,0,20
2026-01-29 04:00:00,Gate3,4,3,0,0,20
2026-01-29 04:00:00,Cafeteria,4,3,0,0,21
2026-01-29 04:00:00,HostelArea,4,3,0,0,19
2026-01-29 04:00:00,MainBlock,4,3,0,0,29
2026-01-29 05:00:00,Library,5,3,0,0,18
2026-01-29 05:00:00,Gate3,5,3,0,0,23
2026-01-29 05:00:00,Cafeteria,5,3,0,0,28
2026-01-29 05:00:00,HostelArea,5,3,0,0,20
2026-01-29 05:00:00,MainBlock,5,3,0,0,24
2026-01-29 06:00:00,Library,6,3,0,0,22
2026-01-29 06:00:00,Gate3,6,3,0,0,24
2026-01-29 06:00:00,Cafeteria,6,3,0,0,20
2026-01-29 06:00:00,HostelArea,6,3,0,0,22
2026-01-29 06:00:00,MainBlock,6,3,0,0,20
2026-01-29 07:00:00,Library,7,3,0,0,17
2026-01-29 07:00:00,Gate3,7,3,0,0,20
2026-01-29 07:00:00,Cafeteria,7,3,0,0,17
2026-01-29 07:00:00,HostelArea,7,3,0,0,17
2026-01-29 07:00:00,MainBlock,7,3,0,0,22
2026-01-29 08:00:00,Library,8,3,0,0,60
2026-01-29 08:00:00,Gate3,8,3,0,0,70
2026-01-29 08:00:00,Cafeteria,8,3,0,0,58
2026-01-29 08:00:00,HostelArea,8,3,0,0,70
2026-01-29 08:00:00,MainBlock,8,3,0,0,70
2026-01-29 09:00:00,Library,9,3,0,0,69
2026-01-29 09:00:00,Gate3,9,3,0,0,120
2026-01-29 09:00:00,Cafeteria,9,3,0,0,73
2026-01-29 09:00:00,HostelArea,9,3,0,0,67
2026-01-29 09:00:00,MainBlock,9,3,0,0,51
2026-01-29 10:00:00,Library,10,3,0,0,65
2026-01-29 10:00:00,Gate3,10,3,0,0,60
2026-01-29 10:00:00,Cafeteria,10,3,0,0,67
2026-01-29 10:00:00,HostelArea,10,3,0,0,53
2026-01-29 10:00:00,MainBlock,10,3,0,0,57
2026-01-29 11:00:00,Library,11,3,0,0,74
2026-01-29 11:00:00,Gate3,11,3,0,0,83
2026-01-29 11:00:00,Cafeteria,11,3,0,0,67
2026-01-29 11:00:00,HostelArea,11,3,0,0,37
2026-01-29 11:00:00,MainBlock,11,3,0,0,50
2026-01-29 12:00:00,Library,12,3,0,0,101
2026-01-29 12:00:00,Gate3,12,3,0,0,111
2026-01-29 12:00:00,Cafeteria,12,3,0,0,65
2026-01-29 12:00:00,HostelArea,12,3,0,0,92
2026-01-29 12:00:00,MainBlock,12,3,0,0,116
2026-01-29 13:00:00,Library,13,3,0,0,116
2026-01-29 13:00:00,Gate3,13,3,0,0,94
2026-01-29 13:00:00,Cafeteria,13,3,0,0,111
2026-01-29 13:00:00,HostelArea,13,3,0,0,78
2026-01-29 13:00:00,MainBlock,13,3,0,0,81
2026-01-29 14:00:00,Library,14,3,0,0,112
2026-01-29 14:00:00,Gate3,14,3,0,0,95
2026-01-29 14:00:00,Cafeteria,14,3,0,0,71
2026-01-29 14:00:00,HostelArea,14,3,0,0,51
2026-01-29 14:00:00,MainBlock,14,3,0,0,96
2026-01-29 15:00:00,Library,15,3,0,0,73
2026-01-29 15:00:00,Gate3,15,3,0,0,65
2026-01-29 15:00:00,Cafeteria,15,3,0,0,58
2026-01-29 15:00:00,HostelArea,15,3,0,0,68
2026-01-29 15:00:00,MainBlock,15,3,0,0,69
2026-01-29 16:00:00,Library,16,3,0,0,68
2026-01-29 16:00:00,Gate3,16,3,0,0,43
2026-01-29 16:00:00,Cafeteria,16,3,0,0,64
2026-01-29 16:00:00,HostelArea,16,3,0,0,61
2026-01-29 16:00:00,MainBlock,16,3,0,0,89
2026-01-29 17:00:00,Library,17,3,0,0,115
2026-01-29 17:00:00,Gate3,17,3,0,0,147
2026-01-29 17:00:00,Cafeteria,17,3,0,0,90
2026-01-29 17:00:00,HostelArea,17,3,0,0,125
2026-01-29 17:00:00,MainBlock,17,3,0,0,146
2026-01-29 18:00:00,Library,18,3,0,0,117
2026-01-29 18:00:00,Gate3,18,3,0,0,54
2026-01-29 18:00:00,Cafeteria,18,3,0,0,111
2026-01-29 18:00:00,HostelArea,18,3,0,0,119
2026-01-29 18:00:00,MainBlock,18,3,0,0,102
2026-01-29 19:00:00,Library,19,3,0,0,13
2026-01-29 19:00:00,Gate3,19,3,0,0,17
2026-01-29 19:00:00,Cafeteria,19,3,0,0,20
2026-01-29 19:00:00,HostelArea,19,3,0,0,9
2026-01-29 19:00:00,MainBlock,19,3,0,0,19
2026-01-29 20:00:00,Library,20,3,0,0,18
2026-01-29 20:00:00,Gate3,20,3,0,0,24
2026-01-29 20:00:00,Cafeteria,20,3,0,0,25
2026-01-29 20:00:00,HostelArea,20,3,0,0,18
2026-01-29 20:00:00,MainBlock,20,3,0,0,15
2026-01-29 21:00:00,Library,21,3,0,0,27
2026-01-29 21:00:00,Gate3,21,3,0,0,18
2026-01-29 21:00:00,Cafeteria,21,3,0,0,19
2026-01-29 21:00:00,HostelArea,21,3,0,0,18
2026-01-29 21:00:00,MainBlock,21,3,0,0,20
2026-01-29 22:00:00,Library,22,3,0,0,51
2026-01-29 22:00:00,Gate3,22,3,0,0,30
2026-01-29 22:00:00,Cafeteria,22,3,0,0,20
2026-01-29 22:00:00,HostelArea,22,3,0,0,8
2026-01-29 22:00:00,MainBlock,22,3,0,0,23
2026-01-29 23:00:00,Library,23,3,0,0,31
2026-01-29 23:00:00,Gate3,23,3,0,0,21
2026-01-29 23:00:00,Cafeteria,23,3,0,0,17
2026-01-29 23:00:00,HostelArea,23,3,0,0,20
2026-01-29 23:00:00,MainBlock,23,3,0,0,16
2026-01-30 00:00:00,Library,0,4,0,0,23
2026-01-30 00:00:00,Gate3,0,4,0,0,18
2026-01-30 00:00:00,Cafeteria,0,4,0,0,14
2026-01-30 00:00:00,HostelArea,0,4,0,0,19
2026-01-30 00:00:00,MainBlock,0,4,0,0,14
2026-01-30 01:00:00,Library,1,4,0,0,18
2026-01-30 01:00:00,Gate3,1,4,0,0,16
2026-01-30 01:00:00,Cafeteria,1,4,0,0,16
2026-01-30 01:00:00,HostelArea,1,4,0,0,18
2026-01-30 01:00:00,MainBlock,1,4,0,0,25
2026-01-30 02:00:00,Library,2,4,0,0,18
2026-01-30 02:00:00,Gate3,2,4,0,0,20
2026-01-30 02:00:00,Cafeteria,2,4,0,0,25
2026-01-30 02:00:00,HostelArea,2,4,0,0,14
2026-01-30 02:00:00,MainBlock,2,4,0,0,24
2026-01-30 03:00:00,Library,3,4,0,0,26
2026-01-30 03:00:00,Gate3,3,4,0,0,26
2026-01-30 03:00:00,Cafeteria,3,4,0,0,26
2026-01-30 03:00:00,HostelArea,3,4,0,0,17
2026-01-30 03:00:00,MainBlock,3,4,0,0,15
2026-01-30 04:00:00,Library,4,4,0,0,20
2026-01-30 04:00:00,Gate3,4,4,0,0,23
2026-01-30 04:00:00,Cafeteria,4,4,0,0,26
2026-01-30 04:00:00,HostelArea,4,4,0,0,17
2026-01-30 04:00:00,MainBlock,4,4,0,0,15
2026-01-30 05:00:00,Library,5,4,0,0,19
2026-01-30 05:00:00,Gate3,5,4,0,0,26
2026-01-30 05:00:00,Cafeteria,5,4,0,0,17
2026-01-30 05:00:00,HostelArea,5,4,0,0,24
2026-01-30 05:00:00,MainBlock,5,4,0,0,12
2026-01-30 06:00:00,Library,6,4,0,0,15
2026-01-30 06:00:00,Gate3,6,4,0,0,19
2026-01-30 06:00:00,Cafeteria,6,4,0,0,19
2026-01-30 06:00:00,HostelArea,6,4,0,0,15
2026-01-30 06:00:00,MainBlock,6,4,0,0,15
2026-01-30 07:00:00,Library,7,4,0,0,24
2026-01-30 07:00:00,Gate3,7,4,0,0,20
2026-01-30 07:00:00,Cafeteria,7,4,0,0,23
2026-01-30 07:00:00,HostelArea,7,4,0,0,18
2026-01-30 07:00:00,MainBlock,7,4,0,0,18
2026-01-30 08:00:00,Library,8,4,0,0,51
2026-01-30 08:00:00,Gate3,8,4,0,0,57
2026-01-30 08:00:00,Cafeteria,8,4,0,0,69
2026-01-30 08:00:00,HostelArea,8,4,0,0,61
2026-01-30 08:00:00,MainBlock,8,4,0,0,64
2026-01-30 09:00:00,Library,9,4,0,0,67
2026-01-30 09:00:00,Gate3,9,4,0,0,53
2026-01-30 09:00:00,Cafeteria,9,4,0,0,74
2026-01-30 09:00:00,HostelArea,9,4,0,0,50
2026-01-30 09:00:00,MainBlock,9,4,0,0,61
2026-01-30 10:00:00,Library,10,4,0,0,82
2026-01-30 10:00:00,Gate3,10,4,0,0,61
2026-01-30 10:00:00,Cafeteria,10,4,0,0,49
2026-01-30 10:00:00,HostelArea,10,4,0,0,82
2026-01-30 10:00:00,MainBlock,10,4,0,0,83
2026-01-30 11:00:00,Library,11,4,0,0,48
2026-01-30 11:00:00,Gate3,11,4,0,0,77
2026-01-30 11:00:00,Cafeteria,11,4,0,0,58
2026-01-30 11:00:00,HostelArea,11,4,0,0,57
2026-01-30 11:00:00,MainBlock,11,4,0,0,54
2026-01-30 12:00:00,Library,12,4,0,0,84
2026-01-30 12:00:00,Gate3,12,4,0,0,114
2026-01-30 12:00:00,Cafeteria,12,4,0,0,99
2026-01-30 12:00:00,HostelArea,12,4,0,0,93
2026-01-30 12:00:00,MainBlock,12,4,0,0,136
2026-01-30 13:00:00,Library,13,4,0,0,117
2026-01-30 13:00:00,Gate3,13,4,0,0,102
2026-01-30 13:00:00,Cafeteria,13,4,0,0,101
2026-01-30 13:00:00,HostelArea,13,4,0,0,82
2026-01-30 13:00:00,MainBlock,13,4,0,0,101
2026-01-30 14:00:00,Library,14,4,0,0,118
2026-01-30 14:00:00,Gate3,14,4,0,0,108
2026-01-30 14:00:00,Cafeteria,14,4,0,0,105
2026-01-30 14:00:00,HostelArea,14,4,0,0,106
2026-01-30 14:00:00,MainBlock,14,4,0,0,115
2026-01-30 15:00:00,Library,15,4,0,0,63
2026-01-30 15:00:00,Gate3,15,4,0,0,54
2026-01-30 15:00:00,Cafeteria,15,4,0,0,75
2026-01-30 15:00:00,HostelArea,15,4,0,0,66
2026-01-30 15:00:00,MainBlock,15,4,0,0,75
2026-01-30 16:00:00,Library,16,4,0,0,66
2026-01-30 16:00:00,Gate3,16,4,0,0,50
2026-01-30 16:00:00,Cafeteria,16,4,0,0,75
2026-01-30 16:00:00,HostelArea,16,4,0,0,61
2026-01-30 16:00:00,MainBlock,16,4,0,0,57
2026-01-30 17:00:00,Library,17,4,0,0,110
2026-01-30 17:00:00,Gate3,17,4,0,0,148
2026-01-30 17:00:00,Cafeteria,17,4,0,0,103
2026-01-30 17:00:00,HostelArea,17,4,0,0,77
2026-01-30 17:00:00,MainBlock,17,4,0,0,75
2026-01-30 18:00:00,Library,18,4,0,0,81
2026-01-30 18:00:00,Gate3,18,4,0,0,77
2026-01-30 18:00:00,Cafeteria,18,4,0,0,78
2026-01-30 18:00:00,HostelArea,18,4,0,0,108
2026-01-30 18:00:00,MainBlock,18,4,0,0,85
2026-01-30 19:00:00,Library,19,4,0,0,17
2026-01-30 19:00:00,Gate3,19,4,0,0,22
2026-01-30 19:00:00,Cafeteria,19,4,0,0,19
2026-01-30 19:00:00,HostelArea,19,4,0,0,22
2026-01-30 19:00:00,MainBlock,19,4,0,0,24
2026-01-30 20:00:00,Library,20,4,0,0,15
2026-01-30 20:00:00,Gate3,20,4,0,0,26
2026-01-30 20:00:00,Cafeteria,20,4,0,0,23
2026-01-30 20:00:00,HostelArea,20,4,0,0,21
2026-01-30 20:00:00,MainBlock,20,4,0,0,19
2026-01-30 21:00:00,Library,21,4,0,0,15
2026-01-30 21:00:00,Gate3,21,4,0,0,29
2026-01-30 21:00:00,Cafeteria,21,4,0,0,20
2026-01-30 21:00:00,HostelArea,21,4,0,0,18
2026-01-30 21:00:00,MainBlock,21,4,0,0,23
2026-01-30 22:00:00,Library,22,4,0,0,33
2026-01-30 22:00:00,Gate3,22,4,0,0,18
2026-01-30 22:00:00,Cafeteria,22,4,0,0,19
2026-01-30 22:00:00,HostelArea,22,4,0,0,16
2026-01-30 22:00:00,MainBlock,22,4,0,0,24
2026-01-30 23:00:00,Library,23,4,0,0,51
2026-01-30 23:00:00,Gate3,23,4,0,0,27
2026-01-30 23:00:00,Cafeteria,23,4,0,0,21
2026-01-30 23:00:00,HostelArea,23,4,0,0,23
2026-01-30 23:00:00,MainBlock,23,4,0,0,24
2026-01-31 00:00:00,Library,0,5,0,0,7
2026-01-31 00:00:00,Gate3,0,5,0,0,8
2026-01-31 00:00:00,Cafeteria,0,5,0,0,12
2026-01-31 00:00:00,HostelArea,0,5,0,0,5
2026-01-31 00:00:00,MainBlock,0,5,0,0,5
2026-01-31 01:00:00,Library,1,5,0,0,11
2026-01-31 01:00:00,Gate3,1,5,0,0,9
2026-01-31 01:00:00,Cafeteria,1,5,0,0,7
2026-01-31 01:00:00,HostelArea,1,5,0,0,6
2026-01-31 01:00:00,MainBlock,1,5,0,0,7
2026-01-31 02:00:00,Library,2,5,0,0,6
2026-01-31 02:00:00,Gate3,2,5,0,0,7
2026-01-31 02:00:00,Cafeteria,2,5,0,0,3
2026-01-31 02:00:00,HostelArea,2,5,0,0,8
2026-01-31 02:00:00,MainBlock,2,5,0,0,5
2026-01-31 03:00:00,Library,3,5,0,0,8
2026-01-31 03:00:00,Gate3,3,5,0,0,10
2026-01-31 03:00:00,Cafeteria,3,5,0,0,7
2026-01-31 03:00:00,HostelArea,3,5,0,0,9
2026-01-31 03:00:00,MainBlock,3,5,0,0,10
2026-01-31 04:00:00,Library,4,5,0,0,6
2026-01-31 04:00:00,Gate3,4,5,0,0,10
2026-01-31 04:00:00,Cafeteria,4,5,0,0,8
2026-01-31 04:00:00,HostelArea,4,5,0,0,5
2026-01-31 04:00:00,MainBlock,4,5,0,0,9
2026-01-31 05:00:00,Library,5,5,0,0,9
2026-01-31 05:00:00,Gate3,5,5,0,0,9
2026-01-31 05:00:00,Cafeteria,5,5,0,0,7
2026-01-31 05:00:00,HostelArea,5,5,0,0,6
2026-01-31 05:00:00,MainBlock,5,5,0,0,8
2026-01-31 06:00:00,Library,6,5,0,0,4
2026-01-31 06:00:00,Gate3,6,5,0,0,8
2026-01-31 06:00:00,Cafeteria,6,5,0,0,6
2026-01-31 06:00:00,HostelArea,6,5,0,0,8
2026-01-31 06:00:00,MainBlock,6,5,0,0,7
2026-01-31 07:00:00,Library,7,5,0,0,9
2026-01-31 07:00:00,Gate3,7,5,0,0,5
2026-01-31 07:00:00,Cafeteria,7,5,0,0,6
2026-01-31 07:00:00,HostelArea,7,5,0,0,9
2026-01-31 07:00:00,MainBlock,7,5,0,0,10
2026-01-31 08:00:00,Library,8,5,0,0,26
2026-01-31 08:00:00,Gate3,8,5,0,0,18
2026-01-31 08:00:00,Cafeteria,8,5,0,0,30
2026-01-31 08:00:00,HostelArea,8,5,0,0,27
2026-01-31 08:00:00,MainBlock,8,5,0,0,28
2026-01-31 09:00:00,Library,9,5,0,0,19
2026-01-31 09:00:00,Gate3,9,5,0,0,33
2026-01-31 09:00:00,Cafeteria,9,5,0,0,22
2026-01-31 09:00:00,HostelArea,9,5,0,0,26
2026-01-31 09:00:00,MainBlock,9,5,0,0,30
2026-01-31 10:00:00,Library,10,5,0,0,22
2026-01-31 10:00:00,Gate3,10,5,0,0,24
2026-01-31 10:00:00,Cafeteria,10,5,0,0,28
2026-01-31 10:00:00,HostelArea,10,5,0,0,22
2026-01-31 10:00:00,MainBlock,10,5,0,0,11
2026-01-31 11:00:00,Library,11,5,0,0,24
2026-01-31 11:00:00,Gate3,11,5,0,0,13
2026-01-31 11:00:00,Cafeteria,11,5,0,0,20
2026-01-31 11:00:00,HostelArea,11,5,0,0,23
2026-01-31 11:00:00,MainBlock,11,5,0,0,20
2026-01-31 12:00:00,Library,12,5,0,0,55
2026-01-31 12:00:00,Gate3,12,5,0,0,41
2026-01-31 12:00:00,Cafeteria,12,5,0,0,58
2026-01-31 12:00:00,HostelArea,12,5,0,0,44
2026-01-31 12:00:00,MainBlock,12,5,0,0,50
2026-01-31 13:00:00,Library,13,5,0,0,34
2026-01-31 13:00:00,Gate3,13,5,0,0,29
2026-01-31 13:00:00,Cafeteria,13,5,0,0,37
2026-01-31 13:00:00,HostelArea,13,5,0,0,46
2026-01-31 13:00:00,MainBlock,13,5,0,0,37
2026-01-31 14:00:00,Library,14,5,0,0,39
2026-01-31 14:00:00,Gate3,14,5,0,0,42
2026-01-31 14:00:00,Cafeteria,14,5,0,0,51
2026-01-31 14:00:00,HostelArea,14,5,0,0,33
2026-01-31 14:00:00,MainBlock,14,5,0,0,39
2026-01-31 15:00:00,Library,15,5,0,0,25
2026-01-31 15:00:00,Gate3,15,5,0,0,19
2026-01-31 15:00:00,Cafeteria,15,5,0,0,30
2026-01-31 15:00:00,HostelArea,15,5,0,0,20
2026-01-31 15:00:00,MainBlock,15,5,0,0,18
2026-01-31 16:00:00,Library,16,5,0,0,35
2026-01-31 16:00:00,Gate3,16,5,0,0,27
2026-01-31 16:00:00,Cafeteria,16,5,0,0,25
2026-01-31 16:00:00,HostelArea,16,5,0,0,23
2026-01-31 16:00:00,MainBlock,16,5,0,0,26
2026-01-31 17:00:00,Library,17,5,0,0,31
2026-01-31 17:00:00,Gate3,17,5,0,0,84
2026-01-31 17:00:00,Cafeteria,17,5,0,0,50
2026-01-31 17:00:00,HostelArea,17,5,0,0,46
2026-01-31 17:00:00,MainBlock,17,5,0,0,39
2026-01-31 18:00:00,Library,18,5,0,0,35
2026-01-31 18:00:00,Gate3,18,5,0,0,47
2026-01-31 18:00:00,Cafeteria,18,5,0,0,41
2026-01-31 18:00:00,HostelArea,18,5,0,0,52
2026-01-31 18:00:00,MainBlock,18,5,0,0,36
2026-01-31 19:00:00,Library,19,5,0,0,7
2026-01-31 19:00:00,Gate3,19,5,0,0,7
2026-01-31 19:00:00,Cafeteria,19,5,0,0,6
2026-01-31 19:00:00,HostelArea,19,5,0,0,7
2026-01-31 19:00:00,MainBlock,19,5,0,0,7
2026-01-31 20:00:00,Library,20,5,0,0,7
2026-01-31 20:00:00,Gate3,20,5,0,0,4
2026-01-31 20:00:00,Cafeteria,20,5,0,0,10
2026-01-31 20:00:00,HostelArea,20,5,0,0,9
2026-01-31 20:00:00,MainBlock,20,5,0,0,6
2026-01-31 21:00:00,Library,21,5,0,0,9
2026-01-31 21:00:00,Gate3,21,5,0,0,10
2026-01-31 21:00:00,Cafeteria,21,5,0,0,11
2026-01-31 21:00:00,HostelArea,21,5,0,0,6
2026-01-31 21:00:00,MainBlock,21,5,0,0,4
2026-01-31 22:00:00,Library,22,5,0,0,15
2026-01-31 22:00:00,Gate3,22,5,0,0,6
2026-01-31 22:00:00,Cafeteria,22,5,0,0,8
2026-01-31 22:00:00,HostelArea,22,5,0,0,6
2026-01-31 22:00:00,MainBlock,22,5,0,0,7
2026-01-31 23:00:00,Library,23,5,0,0,12
2026-01-31 23:00:00,Gate3,23,5,0,0,6
2026-01-31 23:00:00,Cafeteria,23,5,0,0,8
2026-01-31 23:00:00,HostelArea,23,5,0,0,5
2026-01-31 23:00:00,MainBlock,23,5,0,0,10
2026-02-01 00:00:00,Library,0,6,0,0,8
2026-02-01 00:00:00,Gate3,0,6,0,0,8
2026-02-01 00:00:00,Cafeteria,0,6,0,0,7
2026-02-01 00:00:00,HostelArea,0,6,0,0,8
2026-02-01 00:00:00,MainBlock,0,6,0,0,10
2026-02-01 01:00:00,Library,1,6,0,0,7
2026-02-01 01:00:00,Gate3,1,6,0,0,8
2026-02-01 01:00:00,Cafeteria,1,6,0,0,7
2026-02-01 01:00:00,HostelArea,1,6,0,0,8
2026-02-01 01:00:00,MainBlock,1,6,0,0,3
2026-02-01 02:00:00,Library,2,6,0,0,6
2026-02-01 02:00:00,Gate3,2,6,0,0,5
2026-02-01 02:00:00,Cafeteria,2,6,0,0,5
2026-02-01 02:00:00,HostelArea,2,6,0,0,8
2026-02-01 02:00:00,MainBlock,2,6,0,0,9
2026-02-01 03:00:00,Library,3,6,0,0,5
2026-02-01 03:00:00,Gate3,3,6,0,0,7
2026-02-01 03:00:00,Cafeteria,3,6,0,0,10
2026-02-01 03:00:00,HostelArea,3,6,0,0,3
2026-02-01 03:00:00,MainBlock,3,6,0,0,8
2026-02-01 04:00:00,Library,4,6,0,0,6
2026-02-01 04:00:00,Gate3,4,6,0,0,8
2026-02-01 04:00:00,Cafeteria,4,6,0,0,7
2026-02-01 04:00:00,HostelArea,4,6,0,0,8
2026-02-01 04:00:00,MainBlock,4,6,0,0,8
2026-02-01 05:00:00,Library,5,6,0,0,8
2026-02-01 05:00:00,Gate3,5,6,0,0,9
2026-02-01 05:00:00,Cafeteria,5,6,0,0,8
2026-02-01 05:00:00,HostelArea,5,6,0,0,9
2026-02-01 05:00:00,MainBlock,5,6,0,0,5
2026-02-01 06:00:00,Library,6,6,0,0,7
2026-02-01 06:00:00,Gate3,6,6,0,0,10
2026-02-01 06:00:00,Cafeteria,6,6,0,0,8
2026-02-01 06:00:00,HostelArea,6,6,0,0,9
2026-02-01 06:00:00,MainBlock,6,6,0,0,6
2026-02-01 07:00:00,Library,7,6,0,0,8
2026-02-01 07:00:00,Gate3,7,6,0,0,7
2026-02-01 07:00:00,Cafeteria,7,6,0,0,8
2026-02-01 07:00:00,HostelArea,7,6,0,0,6
2026-02-01 07:00:00,MainBlock,7,6,0,0,8
2026-02-01 08:00:00,Library,8,6,0,0,32
2026-02-01 08:00:00,Gate3,8,6,0,0,31
2026-02-01 08:00:00,Cafeteria,8,6,0,0,17
2026-02-01 08:00:00,HostelArea,8,6,0,0,23
2026-02-01 08:00:00,MainBlock,8,6,0,0,22
2026-02-01 09:00:00,Library,9,6,0,0,27
2026-02-01 09:00:00,Gate3,9,6,0,0,36
2026-02-01 09:00:00,Cafeteria,9,6,0,0,25
2026-02-01 09:00:00,HostelArea,9,6,0,0,24
2026-02-01 09:00:00,MainBlock,9,6,0,0,24
2026-02-01 10:00:00,Library,10,6,0,0,27
2026-02-01 10:00:00,Gate3,10,6,0,0,24
2026-02-01 10:00:00,Cafeteria,10,6,0,0,13
2026-02-01 10:00:00,HostelArea,10,6,0,0,19
2026-02-01 10:00:00,MainBlock,10,6,0,0,21
2026-02-01 11:00:00,Library,11,6,0,0,24
2026-02-01 11:00:00,Gate3,11,6,0,0,19
2026-02-01 11:00:00,Cafeteria,11,6,0,0,22
2026-02-01 11:00:00,HostelArea,11,6,0,0,20
2026-02-01 11:00:00,MainBlock,11,6,0,0,23
2026-02-01 12:00:00,Library,12,6,0,0,47
2026-02-01 12:00:00,Gate3,12,6,0,0,59
2026-02-01 12:00:00,Cafeteria,12,6,0,0,50
2026-02-01 12:00:00,HostelArea,12,6,0,0,34
2026-02-01 12:00:00,MainBlock,12,6,0,0,37
2026-02-01 13:00:00,Library,13,6,0,0,41
2026-02-01 13:00:00,Gate3,13,6,0,0,45
2026-02-01 13:00:00,Cafeteria,13,6,0,0,37
2026-02-01 13:00:00,HostelArea,13,6,0,0,40
2026-02-01 13:00:00,MainBlock,13,6,0,0,46
2026-02-01 14:00:00,Library,14,6,0,0,53
2026-02-01 14:00:00,Gate3,14,6,0,0,34
2026-02-01 14:00:00,Cafeteria,14,6,0,0,45
2026-02-01 14:00:00,HostelArea,14,6,0,0,38
2026-02-01 14:00:00,MainBlock,14,6,0,0,48
2026-02-01 15:00:00,Library,15,6,0,0,30
2026-02-01 15:00:00,Gate3,15,6,0,0,21
2026-02-01 15:00:00,Cafeteria,15,6,0,0,29
2026-02-01 15:00:00,HostelArea,15,6,0,0,20
2026-02-01 15:00:00,MainBlock,15,6,0,0,21
2026-02-01 16:00:00,Library,16,6,0,0,21
2026-02-01 16:00:00,Gate3,16,6,0,0,30
2026-02-01 16:00:00,Cafeteria,16,6,0,0,23
2026-02-01 16:00:00,HostelArea,16,6,0,0,19
2026-02-01 16:00:00,MainBlock,16,6,0,0,32
2026-02-01 17:00:00,Library,17,6,0,0,42
2026-02-01 17:00:00,Gate3,17,6,0,0,87
2026-02-01 17:00:00,Cafeteria,17,6,0,0,44
2026-02-01 17:00:00,HostelArea,17,6,0,0,55
2026-02-01 17:00:00,MainBlock,17,6,0,0,55
2026-02-01 18:00:00,Library,18,6,0,0,52
2026-02-01 18:00:00,Gate3,18,6,0,0,39
2026-02-01 18:00:00,Cafeteria,18,6,0,0,45
2026-02-01 18:00:00,HostelArea,18,6,0,0,34
2026-02-01 18:00:00,MainBlock,18,6,0,0,41
2026-02-01 19:00:00,Library,19,6,0,0,5
2026-02-01 19:00:00,Gate3,19,6,0,0,7
2026-02-01 19:00:00,Cafeteria,19,6,0,0,7
2026-02-01 19:00:00,HostelArea,19,6,0,0,10
2026-02-01 19:00:00,MainBlock,19,6,0,0,7
2026-02-01 20:00:00,Library,20,6,0,0,8
2026-02-01 20:00:00,Gate3,20,6,0,0,7
2026-02-01 20:00:00,Cafeteria,20,6,0,0,7
2026-02-01 20:00:00,HostelArea,20,6,0,0,8
2026-02-01 20:00:00,MainBlock,20,6,0,0,10
2026-02-01 21:00:00,Library,21,6,0,0,7
2026-02-01 21:00:00,Gate3,21,6,0,0,6
2026-02-01 21:00:00,Cafeteria,21,6,0,0,6
2026-02-01 21:00:00,HostelArea,21,6,0,0,9
2026-02-01 21:00:00,MainBlock,21,6,0,0,6
2026-02-01 22:00:00,Library,22,6,0,0,12
2026-02-01 22:00:00,Gate3,22,6,0,0,7
2026-02-01 22:00:00,Cafeteria,22,6,0,0,7
2026-02-01 22:00:00,HostelArea,22,6,0,0,6
2026-02-01 22:00:00,MainBlock,22,6,0,0,7
2026-02-01 23:00:00,Library,23,6,0,0,16
2026-02-01 23:00:00,Gate3,23,6,0,0,7
2026-02-01 23:00:00,Cafeteria,23,6,0,0,7
2026-02-01 23:00:00,HostelArea,23,6,0,0,8
2026-02-01 23:00:00,MainBlock,23,6,0,0,7
2026-02-02 00:00:00,Library,0,0,0,0,22
2026-02-02 00:00:00,Gate3,0,0,0,0,21
2026-02-02 00:00:00,Cafeteria,0,0,0,0,23
2026-02-02 00:00:00,HostelArea,0,0,0,0,18
2026-02-02 00:00:00,MainBlock,0,0,0,0,15
2026-02-02 01:00:00,Library,1,0,0,0,18
2026-02-02 01:00:00,Gate3,1,0,0,0,32
2026-02-02 01:00:00,Cafeteria,1,0,0,0,17
2026-02-02 01:00:00,HostelArea,1,0,0,0,18
2026-02-02 01:00:00,MainBlock,1,0,0,0,18
2026-02-02 02:00:00,Library,2,0,0,0,22
2026-02-02 02:00:00,Gate3,2,0,0,0,20
2026-02-02 02:00:00,Cafeteria,2,0,0,0,22
2026-02-02 02:00:00,HostelArea,2,0,0,0,28
2026-02-02 02:00:00,MainBlock,2,0,0,0,15
2026-02-02 03:00:00,Library,3,0,0,0,21
2026-02-02 03:00:00,Gate3,3,0,0,0,23
2026-02-02 03:00:00,Cafeteria,3,0,0,0,22
2026-02-02 03:00:00,HostelArea,3,0,0,0,16
2026-02-02 03:00:00,MainBlock,3,0,0,0,24
2026-02-02 04:00:00,Library,4,0,0,0,13
2026-02-02 04:00:00,Gate3,4,0,0,0,26
2026-02-02 04:00:00,Cafeteria,4,0,0,0,20
2026-02-02 04:00:00,HostelArea,4,0,0,0,16
2026-02-02 04:00:00,MainBlock,4,0,0,0,26
2026-02-02 05:00:00,Library,5,0,0,0,24
2026-02-02 05:00:00,Gate3,5,0,0,0,23
2026-02-02 05:00:00,Cafeteria,5,0,0,0,20
2026-02-02 05:00:00,HostelArea,5,0,0,0,21
2026-02-02 05:00:00,MainBlock,5,0,0,0,19
2026-02-02 06:00:00,Library,6,0,0,0,23
2026-02-02 06:00:00,Gate3,6,0,0,0,19
2026-02-02 06:00:00,Cafeteria,6,0,0,0,23
2026-02-02 06:00:00,HostelArea,6,0,0,0,26
2026-02-02 06:00:00,MainBlock,6,0,0,0,19
2026-02-02 07:00:00,Library,7,0,0,0,23
2026-02-02 07:00:00,Gate3,7,0,0,0,20
2026-02-02 07:00:00,Cafeteria,7,0,0,0,17
2026-02-02 07:00:00,HostelArea,7,0,0,0,13
2026-02-02 07:00:00,MainBlock,7,0,0,0,21
2026-02-02 08:00:00,Library,8,0,0,0,58
2026-02-02 08:00:00,Gate3,8,0,0,0,46
2026-02-02 08:00:00,Cafeteria,8,0,0,0,60
2026-02-02 08:00:00,HostelArea,8,0,0,0,80
2026-02-02 08:00:00,MainBlock,8,0,0,0,70
2026-02-02 09:00:00,Library,9,0,0,0,61
2026-02-02 09:00:00,Gate3,9,0,0,0,67
2026-02-02 09:00:00,Cafeteria,9,0,0,0,71
2026-02-02 09:00:00,HostelArea,9,0,0,0,44
2026-02-02 09:00:00,MainBlock,9,0,0,0,52
2026-02-02 10:00:00,Library,10,0,0,0,24
2026-02-02 10:00:00,Gate3,10,0,0,0,70
2026-02-02 10:00:00,Cafeteria,10,0,0,0,73
2026-02-02 10:00:00,HostelArea,10,0,0,0,56
2026-02-02 10:00:00,MainBlock,10,0,0,0,61
2026-02-02 11:00:00,Library,11,0,0,0,57
2026-02-02 11:00:00,Gate3,11,0,0,0,77
2026-02-02 11:00:00,Cafeteria,11,0,0,0,69
2026-02-02 11:00:00,HostelArea,11,0,0,0,45
2026-02-02 11:00:00,MainBlock,11,0,0,0,57
2026-02-02 12:00:00,Library,12,0,0,0,99
2026-02-02 12:00:00,Gate3,12,0,0,0,77
2026-02-02 12:00:00,Cafeteria,12,0,0,0,92
2026-02-02 12:00:00,HostelArea,12,0,0,0,78
2026-02-02 12:00:00,MainBlock,12,0,0,0,84
2026-02-02 13:00:00,Library,13,0,0,0,85
2026-02-02 13:00:00,Gate3,13,0,0,0,66
2026-02-02 13:00:00,Cafeteria,13,0,0,0,115
2026-02-02 13:00:00,HostelArea,13,0,0,0,113
2026-02-02 13:00:00,MainBlock,13,0,0,0,55
2026-02-02 14:00:00,Library,14,0,0,0,94
2026-02-02 14:00:00,Gate3,14,0,0,0,94
2026-02-02 14:00:00,Cafeteria,14,0,0,0,90
2026-02-02 14:00:00,HostelArea,14,0,0,0,79
2026-02-02 14:00:00,MainBlock,14,0,0,0,107
2026-02-02 15:00:00,Library,15,0,0,0,65
2026-02-02 15:00:00,Gate3,15,0,0,0,49
2026-02-02 15:00:00,Cafeteria,15,0,0,0,63
2026-02-02 15:00:00,HostelArea,15,0,0,0,64
2026-02-02 15:00:00,MainBlock,15,0,0,0,63
2026-02-02 16:00:00,Library,16,0,0,0,72
2026-02-02 16:00:00,Gate3,16,0,0,0,65
2026-02-02 16:00:00,Cafeteria,16,0,0,0,60
2026-02-02 16:00:00,HostelArea,16,0,0,0,44
2026-02-02 16:00:00,MainBlock,16,0,0,0,89
2026-02-02 17:00:00,Library,17,0,0,0,116
2026-02-02 17:00:00,Gate3,17,0,0,0,134
2026-02-02 17:00:00,Cafeteria,17,0,0,0,93
2026-02-02 17:00:00,HostelArea,17,0,0,0,85
2026-02-02 17:00:00,MainBlock,17,0,0,0,149
2026-02-02 18:00:00,Library,18,0,0,0,93
2026-02-02 18:00:00,Gate3,18,0,0,0,85
2026-02-02 18:00:00,Cafeteria,18,0,0,0,79
2026-02-02 18:00:00,HostelArea,18,0,0,0,141
2026-02-02 18:00:00,MainBlock,18,0,0,0,127
2026-02-02 19:00:00,Library,19,0,0,0,22
2026-02-02 19:00:00,Gate3,19,0,0,0,16
2026-02-02 19:00:00,Cafeteria,19,0,0,0,25
2026-02-02 19:00:00,HostelArea,19,0,0,0,20
2026-02-02 19:00:00,MainBlock,19,0,0,0,20
2026-02-02 20:00:00,Library,20,0,0,0,20
2026-02-02 20:00:00,Gate3,20,0,0,0,17
2026-02-02 20:00:00,Cafeteria,20,0,0,0,16
2026-02-02 20:00:00,HostelArea,20,0,0,0,21
2026-02-02 20:00:00,MainBlock,20,0,0,0,18
2026-02-02 21:00:00,Library,21,0,0,0,29
2026-02-02 21:00:00,Gate3,21,0,0,0,16
2026-02-02 21:00:00,Cafeteria,21,0,0,0,19
2026-02-02 21:00:00,HostelArea,21,0,0,0,24
2026-02-02 21:00:00,MainBlock,21,0,0,0,23
2026-02-02 22:00:00,Library,22,0,0,0,29
2026-02-02 22:00:00,Gate3,22,0,0,0,16
2026-02-02 22:00:00,Cafeteria,22,0,0,0,22
2026-02-02 22:00:00,HostelArea,22,0,0,0,21
2026-02-02 22:00:00,MainBlock,22,0,0,0,20
2026-02-02 23:00:00,Library,23,0,0,0,34
2026-02-02 23:00:00,Gate3,23,0,0,0,17
2026-02-02 23:00:00,Cafeteria,23,0,0,0,21
2026-02-02 23:00:00,HostelArea,23,0,0,0,13
2026-02-02 23:00:00,MainBlock,23,0,0,0,20
2026-02-03 00:00:00,Library,0,1,0,1,15
2026-02-03 00:00:00,Gate3,0,1,0,1,15
2026-02-03 00:00:00,Cafeteria,0,1,0,1,15
2026-02-03 00:00:00,HostelArea,0,1,0,1,17
2026-02-03 00:00:00,MainBlock,0,1,0,1,12
2026-02-03 01:00:00,Library,1,1,0,1,11
2026-02-03 01:00:00,Gate3,1,1,0,1,13
2026-02-03 01:00:00,Cafeteria,1,1,0,1,15
2026-02-03 01:00:00,HostelArea,1,1,0,1,13
2026-02-03 01:00:00,MainBlock,1,1,0,1,16
2026-02-03 02:00:00,Library,2,1,0,1,8
2026-02-03 02:00:00,Gate3,2,1,0,1,19
2026-02-03 02:00:00,Cafeteria,2,1,0,1,9
2026-02-03 02:00:00,HostelArea,2,1,0,1,12
2026-02-03 02:00:00,MainBlock,2,1,0,1,15
2026-02-03 03:00:00,Library,3,1,0,1,16
2026-02-03 03:00:00,Gate3,3,1,0,1,13
2026-02-03 03:00:00,Cafeteria,3,1,0,1,10
2026-02-03 03:00:00,HostelArea,3,1,0,1,13
2026-02-03 03:00:00,MainBlock,3,1,0,1,13
2026-02-03 04:00:00,Library,4,1,0,1,11
2026-02-03 04:00:00,Gate3,4,1,0,1,13
2026-02-03 04:00:00,Cafeteria,4,1,0,1,13
2026-02-03 04:00:00,HostelArea,4,1,0,1,13
2026-02-03 04:00:00,MainBlock,4,1,0,1,13
2026-02-03 05:00:00,Library,5,1,0,1,11
2026-02-03 05:00:00,Gate3,5,1,0,1,16
2026-02-03 05:00:00,Cafeteria,5,1,0,1,15
2026-02-03 05:00:00,HostelArea,5,1,0,1,9
2026-02-03 05:00:00,MainBlock,5,1,0,1,10
2026-02-03 06:00:00,Library,6,1,0,1,16
2026-02-03 06:00:00,Gate3,6,1,0,1,14
2026-02-03 06:00:00,Cafeteria,6,1,0,1,14
2026-02-03 06:00:00,HostelArea,6,1,0,1,13
2026-02-03 06:00:00,MainBlock,6,1,0,1,8
2026-02-03 07:00:00,Library,7,1,0,1,12
2026-02-03 07:00:00,Gate3,7,1,0,1,17
2026-02-03 07:00:00,Cafeteria,7,1,0,1,14
2026-02-03 07:00:00,HostelArea,7,1,0,1,12
2026-02-03 07:00:00,MainBlock,7,1,0,1,11
2026-02-03 08:00:00,Library,8,1,0,1,42
2026-02-03 08:00:00,Gate3,8,1,0,1,44
2026-02-03 08:00:00,Cafeteria,8,1,0,1,35
2026-02-03 08:00:00,HostelArea,8,1,0,1,32
2026-02-03 08:00:00,MainBlock,8,1,0,1,35
2026-02-03 09:00:00,Library,9,1,0,1,39
2026-02-03 09:00:00,Gate3,9,1,0,1,72
2026-02-03 09:00:00,Cafeteria,9,1,0,1,39
2026-02-03 09:00:00,HostelArea,9,1,0,1,56
2026-02-03 09:00:00,MainBlock,9,1,0,1,38
2026-02-03 10:00:00,Library,10,1,0,1,43
2026-02-03 10:00:00,Gate3,10,1,0,1,52
2026-02-03 10:00:00,Cafeteria,10,1,0,1,30
2026-02-03 10:00:00,HostelArea,10,1,0,1,22
2026-02-03 10:00:00,MainBlock,10,1,0,1,40
2026-02-03 11:00:00,Library,11,1,0,1,34
2026-02-03 11:00:00,Gate3,11,1,0,1,37
2026-02-03 11:00:00,Cafeteria,11,1,0,1,50
2026-02-03 11:00:00,HostelArea,11,1,0,1,40
2026-02-03 11:00:00,MainBlock,11,1,0,1,38
2026-02-03 12:00:00,Library,12,1,0,1,82
2026-02-03 12:00:00,Gate3,12,1,0,1,57
2026-02-03 12:00:00,Cafeteria,12,1,0,1,71
2026-02-03 12:00:00,HostelArea,12,1,0,1,73
2026-02-03 12:00:00,MainBlock,12,1,0,1,63
2026-02-03 13:00:00,Library,13,1,0,1,70
2026-02-03 13:00:00,Gate3,13,1,0,1,51
2026-02-03 13:00:00,Cafeteria,13,1,0,1,59
2026-02-03 13:00:00,HostelArea,13,1,0,1,56
2026-02-03 13:00:00,MainBlock,13,1,0,1,77
2026-02-03 14:00:00,Library,14,1,0,1,70
2026-02-03 14:00:00,Gate3,14,1,0,1,67
2026-02-03 14:00:00,Cafeteria,14,1,0,1,65
2026-02-03 14:00:00,HostelArea,14,1,0,1,42
2026-02-03 14:00:00,MainBlock,14,1,0,1,64
2026-02-03 15:00:00,Library,15,1,0,1,31
2026-02-03 15:00:00,Gate3,15,1,0,1,53
2026-02-03 15:00:00,Cafeteria,15,1,0,1,42
2026-02-03 15:00:00,HostelArea,15,1,0,1,56
2026-02-03 15:00:00,MainBlock,15,1,0,1,42
2026-02-03 16:00:00,Library,16,1,0,1,33
2026-02-03 16:00:00,Gate3,16,1,0,1,30
2026-02-03 16:00:00,Cafeteria,16,1,0,1,53
2026-02-03 16:00:00,HostelArea,16,1,0,1,36
2026-02-03 16:00:00,MainBlock,16,1,0,1,31
2026-02-03 17:00:00,Library,17,1,0,1,67
2026-02-03 17:00:00,Gate3,17,1,0,1,112
2026-02-03 17:00:00,Cafeteria,17,1,0,1,65
2026-02-03 17:00:00,HostelArea,17,1,0,1,65
2026-02-03 17:00:00,MainBlock,17,1,0,1,94
2026-02-03 18:00:00,Library,18,1,0,1,81
2026-02-03 18:00:00,Gate3,18,1,0,1,55
2026-02-03 18:00:00,Cafeteria,18,1,0,1,66
2026-02-03 18:00:00,HostelArea,18,1,0,1,59
2026-02-03 18:00:00,MainBlock,18,1,0,1,72
2026-02-03 19:00:00,Library,19,1,0,1,17
2026-02-03 19:00:00,Gate3,19,1,0,1,11
2026-02-03 19:00:00,Cafeteria,19,1,0,1,19
2026-02-03 19:00:00,HostelArea,19,1,0,1,16
2026-02-03 19:00:00,MainBlock,19,1,0,1,18
2026-02-03 20:00:00,Library,20,1,0,1,18
2026-02-03 20:00:00,Gate3,20,1,0,1,10
2026-02-03 20:00:00,Cafeteria,20,1,0,1,15
2026-02-03 20:00:00,HostelArea,20,1,0,1,17
2026-02-03 20:00:00,MainBlock,20,1,0,1,14
2026-02-03 21:00:00,Library,21,1,0,1,11
2026-02-03 21:00:00,Gate3,21,1,0,1,16
2026-02-03 21:00:00,Cafeteria,21,1,0,1,15
2026-02-03 21:00:00,HostelArea,21,1,0,1,10
2026-02-03 21:00:00,MainBlock,21,1,0,1,15
2026-02-03 22:00:00,Library,22,1,0,1,21
2026-02-03 22:00:00,Gate3,22,1,0,1,17
2026-02-03 22:00:00,Cafeteria,22,1,0,1,13
2026-02-03 22:00:00,HostelArea,22,1,0,1,11
2026-02-03 22:00:00,MainBlock,22,1,0,1,9
2026-02-03 23:00:00,Library,23,1,0,1,26
2026-02-03 23:00:00,Gate3,23,1,0,1,11
2026-02-03 23:00:00,Cafeteria,23,1,0,1,8
2026-02-03 23:00:00,HostelArea,23,1,0,1,15
2026-02-03 23:00:00,MainBlock,23,1,0,1,16
2026-02-04 00:00:00,Library,0,2,0,0,15
2026-02-04 00:00:00,Gate3,0,2,0,0,18
2026-02-04 00:00:00,Cafeteria,0,2,0,0,21
2026-02-04 00:00:00,HostelArea,0,2,0,0,19
2026-02-04 00:00:00,MainBlock,0,2,0,0,16
2026-02-04 01:00:00,Library,1,2,0,0,15
2026-02-04 01:00:00,Gate3,1,2,0,0,19
2026-02-04 01:00:00,Cafeteria,1,2,0,0,19
2026-02-04 01:00:00,HostelArea,1,2,0,0,19
2026-02-04 01:00:00,MainBlock,1,2,0,0,23
2026-02-04 02:00:00,Library,2,2,0,0,16
2026-02-04 02:00:00,Gate3,2,2,0,0,23
2026-02-04 02:00:00,Cafeteria,2,2,0,0,19
2026-02-04 02:00:00,HostelArea,2,2,0,0,21
2026-02-04 02:00:00,MainBlock,2,2,0,0,20
2026-02-04 03:00:00,Library,3,2,0,0,18
2026-02-04 03:00:00,Gate3,3,2,0,0,24
2026-02-04 03:00:00,Cafeteria,3,2,0,0,20
2026-02-04 03:00:00,HostelArea,3,2,0,0,20
2026-02-04 03:00:00,MainBlock,3,2,0,0,22
2026-02-04 04:00:00,Library,4,2,0,0,23
2026-02-04 04:00:00,Gate3,4,2,0,0,18
2026-02-04 04:00:00,Cafeteria,4,2,0,0,15
2026-02-04 04:00:00,HostelArea,4,2,0,0,20
2026-02-04 04:00:00,MainBlock,4,2,0,0,14
2026-02-04 05:00:00,Library,5,2,0,0,22
2026-02-04 05:00:00,Gate3,5,2,0,0,26
2026-02-04 05:00:00,Cafeteria,5,2,0,0,17
2026-02-04 05:00:00,HostelArea,5,2,0,0,23
2026-02-04 05:00:00,MainBlock,5,2,0,0,24
2026-02-04 06:00:00,Library,6,2,0,0,19
2026-02-04 06:00:00,Gate3,6,2,0,0,20
2026-02-04 06:00:00,Cafeteria,6,2,0,0,15
2026-02-04 06:00:00,HostelArea,6,2,0,0,23
2026-02-04 06:00:00,MainBlock,6,2,0,0,23
2026-02-04 07:00:00,Library,7,2,0,0,19
2026-02-04 07:00:00,Gate3,7,2,0,0,22
2026-02-04 07:00:00,Cafeteria,7,2,0,0,21
2026-02-04 07:00:00,HostelArea,7,2,0,0,18
2026-02-04 07:00:00,MainBlock,7,2,0,0,18
2026-02-04 08:00:00,Library,8,2,0,0,69
2026-02-04 08:00:00,Gate3,8,2,0,0,60
2026-02-04 08:00:00,Cafeteria,8,2,0,0,64
2026-02-04 08:00:00,HostelArea,8,2,0,0,66
2026-02-04 08:00:00,MainBlock,8,2,0,0,38
2026-02-04 09:00:00,Library,9,2,0,0,53
2026-02-04 09:00:00,Gate3,9,2,0,0,96
2026-02-04 09:00:00,Cafeteria,9,2,0,0,58
2026-02-04 09:00:00,HostelArea,9,2,0,0,40
2026-02-04 09:00:00,MainBlock,9,2,0,0,48
2026-02-04 10:00:00,Library,10,2,0,0,72
2026-02-04 10:00:00,Gate3,10,2,0,0,63
2026-02-04 10:00:00,Cafeteria,10,2,0,0,42
2026-02-04 10:00:00,HostelArea,10,2,0,0,77
2026-02-04 10:00:00,MainBlock,10,2,0,0,64
2026-02-04 11:00:00,Library,11,2,0,0,50
2026-02-04 11:00:00,Gate3,11,2,0,0,70
2026-02-04 11:00:00,Cafeteria,11,2,0,0,76
2026-02-04 11:00:00,HostelArea,11,2,0,0,84
2026-02-04 11:00:00,MainBlock,11,2,0,0,67
2026-02-04 12:00:00,Library,12,2,0,0,75
2026-02-04 12:00:00,Gate3,12,2,0,0,107
2026-02-04 12:00:00,Cafeteria,12,2,0,0,103
2026-02-04 12:00:00,HostelArea,12,2,0,0,89
2026-02-04 12:00:00,MainBlock,12,2,0,0,81
2026-02-04 13:00:00,Library,13,2,0,0,97
2026-02-04 13:00:00,Gate3,13,2,0,0,104
2026-02-04 13:00:00,Cafeteria,13,2,0,0,134
2026-02-04 13:00:00,HostelArea,13,2,0,0,105
2026-02-04 13:00:00,MainBlock,13,2,0,0,114
2026-02-04 14:00:00,Library,14,2,0,0,86
2026-02-04 14:00:00,Gate3,14,2,0,0,79
2026-02-04 14:00:00,Cafeteria,14,2,0,0,74
2026-02-04 14:00:00,HostelArea,14,2,0,0,95
2026-02-04 14:00:00,MainBlock,14,2,0,0,96
2026-02-04 15:00:00,Library,15,2,0,0,76
2026-02-04 15:00:00,Gate3,15,2,0,0,50
2026-02-04 15:00:00,Cafeteria,15,2,0,0,54
2026-02-04 15:00:00,HostelArea,15,2,0,0,69
2026-02-04 15:00:00,MainBlock,15,2,0,0,59
2026-02-04 16:00:00,Library,16,2,0,0,69
2026-02-04 16:00:00,Gate3,16,2,0,0,47
2026-02-04 16:00:00,Cafeteria,16,2,0,0,68
2026-02-04 16:00:00,HostelArea,16,2,0,0,61
2026-02-04 16:00:00,MainBlock,16,2,0,0,46
2026-02-04 17:00:00,Library,17,2,0,0,86
2026-02-04 17:00:00,Gate3,17,2,0,0,110
2026-02-04 17:00:00,Cafeteria,17,2,0,0,96
2026-02-04 17:00:00,HostelArea,17,2,0,0,150
2026-02-04 17:00:00,MainBlock,17,2,0,0,83
2026-02-04 18:00:00,Library,18,2,0,0,100
2026-02-04 18:00:00,Gate3,18,2,0,0,85
2026-02-04 18:00:00,Cafeteria,18,2,0,0,131
2026-02-04 18:00:00,HostelArea,18,2,0,0,114
2026-02-04 18:00:00,MainBlock,18,2,0,0,109
2026-02-04 19:00:00,Library,19,2,0,0,21
2026-02-04 19:00:00,Gate3,19,2,0,0,22
2026-02-04 19:00:00,Cafeteria,19,2,0,0,23
2026-02-04 19:00:00,HostelArea,19,2,0,0,21
2026-02-04 19:00:00,MainBlock,19,2,0,0,20
2026-02-04 20:00:00,Library,20,2,0,0,11
2026-02-04 20:00:00,Gate3,20,2,0,0,15
2026-02-04 20:00:00,Cafeteria,20,2,0,0,18
2026-02-04 20:00:00,HostelArea,20,2,0,0,23
2026-02-04 20:00:00,MainBlock,20,2,0,0,24
2026-02-04 21:00:00,Library,21,2,0,0,20
2026-02-04 21:00:00,Gate3,21,2,0,0,19
2026-02-04 21:00:00,Cafeteria,21,2,0,0,20
2026-02-04 21:00:00,HostelArea,21,2,0,0,17
2026-02-04 21:00:00,MainBlock,21,2,0,0,24
2026-02-04 22:00:00,Library,22,2,0,0,41
2026-02-04 22:00:00,Gate3,22,2,0,0,21
2026-02-04 22:00:00,Cafeteria,22,2,0,0,15
2026-02-04 22:00:00,HostelArea,22,2,0,0,16
2026-02-04 22:00:00,MainBlock,22,2,0,0,24
2026-02-04 23:00:00,Library,23,2,0,0,29
2026-02-04 23:00:00,Gate3,23,2,0,0,25
2026-02-04 23:00:00,Cafeteria,23,2,0,0,21
2026-02-04 23:00:00,HostelArea,23,2,0,0,22
2026-02-04 23:00:00,MainBlock,23,2,0,0,17
2026-02-05 00:00:00,Library,0,3,0,0,21
2026-02-05 00:00:00,Gate3,0,3,0,0,17
2026-02-05 00:00:00,Cafeteria,0,3,0,0,21
2026-02-05 00:00:00,HostelArea,0,3,0,0,23
2026-02-05 00:00:00,MainBlock,0,3,0,0,13
2026-02-05 01:00:00,Library,1,3,0,0,16
2026-02-05 01:00:00,Gate3,1,3,0,0,20
2026-02-05 01:00:00,Cafeteria,1,3,0,0,18
2026-02-05 01:00:00,HostelArea,1,3,0,0,20
2026-02-05 01:00:00,MainBlock,1,3,0,0,18
2026-02-05 02:00:00,Library,2,3,0,0,14
2026-02-05 02:00:00,Gate3,2,3,0,0,21
2026-02-05 02:00:00,Cafeteria,2,3,0,0,16
2026-02-05 02:00:00,HostelArea,2,3,0,0,21
2026-02-05 02:00:00,MainBlock,2,3,0,0,16
2026-02-05 03:00:00,Library,3,3,0,0,21
2026-02-05 03:00:00,Gate3,3,3,0,0,26
2026-02-05 03:00:00,Cafeteria,3,3,0,0,24
2026-02-05 03:00:00,HostelArea,3,3,0,0,20
2026-02-05 03:00:00,MainBlock,3,3,0,0,18
2026-02-05 04:00:00,Library,4,3,0,0,21
2026-02-05 04:00:00,Gate3,4,3,0,0,15
2026-02-05 04:00:00,Cafeteria,4,3,0,0,16
2026-02-05 04:00:00,HostelArea,4,3,0,0,14
2026-02-05 04:00:00,MainBlock,4,3,0,0,21
2026-02-05 05:00:00,Library,5,3,0,0,23
2026-02-05 05:00:00,Gate3,5,3,0,0,19
2026-02-05 05:00:00,Cafeteria,5,3,0,0,23
2026-02-05 05:00:00,HostelArea,5,3,0,0,10
2026-02-05 05:00:00,MainBlock,5,3,0,0,26
2026-02-05 06:00:00,Library,6,3,0,0,23
2026-02-05 06:00:00,Gate3,6,3,0,0,7
2026-02-05 06:00:00,Cafeteria,6,3,0,0,23
2026-02-05 06:00:00,HostelArea,6,3,0,0,19
2026-02-05 06:00:00,MainBlock,6,3,0,0,20
2026-02-05 07:00:00,Library,7,3,0,0,19
2026-02-05 07:00:00,Gate3,7,3,0,0,16
2026-02-05 07:00:00,Cafeteria,7,3,0,0,15
2026-02-05 07:00:00,HostelArea,7,3,0,0,20
2026-02-05 07:00:00,MainBlock,7,3,0,0,19
2026-02-05 08:00:00,Library,8,3,0,0,59
2026-02-05 08:00:00,Gate3,8,3,0,0,65
2026-02-05 08:00:00,Cafeteria,8,3,0,0,63
2026-02-05 08:00:00,HostelArea,8,3,0,0,53
2026-02-05 08:00:00,MainBlock,8,3,0,0,82
2026-02-05 09:00:00,Library,9,3,0,0,68
2026-02-05 09:00:00,Gate3,9,3,0,0,87
2026-02-05 09:00:00,Cafeteria,9,3,0,0,41
2026-02-05 09:00:00,HostelArea,9,3,0,0,61
2026-02-05 09:00:00,MainBlock,9,3,0,0,65
2026-02-05 10:00:00,Library,10,3,0,0,68
2026-02-05 10:00:00,Gate3,10,3,0,0,62
2026-02-05 10:00:00,Cafeteria,10,3,0,0,56
2026-02-05 10:00:00,HostelArea,10,3,0,0,56
2026-02-05 10:00:00,MainBlock,10,3,0,0,65
2026-02-05 11:00:00,Library,11,3,0,0,62
2026-02-05 11:00:00,Gate3,11,3,0,0,57
2026-02-05 11:00:00,Cafeteria,11,3,0,0,63
2026-02-05 11:00:00,HostelArea,11,3,0,0,66
2026-02-05 11:00:00,MainBlock,11,3,0,0,73
2026-02-05 12:00:00,Library,12,3,0,0,93
2026-02-05 12:00:00,Gate3,12,3,0,0,107
2026-02-05 12:00:00,Cafeteria,12,3,0,0,108
2026-02-05 12:00:00,HostelArea,12,3,0,0,145
2026-02-05 12:00:00,MainBlock,12,3,0,0,108
2026-02-05 13:00:00,Library,13,3,0,0,91
2026-02-05 13:00:00,Gate3,13,3,0,0,105
2026-02-05 13:00:00,Cafeteria,13,3,0,0,90
2026-02-05 13:00:00,HostelArea,13,3,0,0,95
2026-02-05 13:00:00,MainBlock,13,3,0,0,93
2026-02-05 14:00:00,Library,14,3,0,0,67
2026-02-05 14:00:00,Gate3,14,3,0,0,141
2026-02-05 14:00:00,Cafeteria,14,3,0,0,104
2026-02-05 14:00:00,HostelArea,14,3,0,0,112
2026-02-05 14:00:00,MainBlock,14,3,0,0,79
2026-02-05 15:00:00,Library,15,3,0,0,63
2026-02-05 15:00:00,Gate3,15,3,0,0,40
2026-02-05 15:00:00,Cafeteria,15,3,0,0,69
2026-02-05 15:00:00,HostelArea,15,3,0,0,78
2026-02-05 15:00:00,MainBlock,15,3,0,0,61
2026-02-05 16:00:00,Library,16,3,0,0,67
2026-02-05 16:00:00,Gate3,16,3,0,0,56
2026-02-05 16:00:00,Cafeteria,16,3,0,0,57
2026-02-05 16:00:00,HostelArea,16,3,0,0,54
2026-02-05 16:00:00,MainBlock,16,3,0,0,50
2026-02-05 17:00:00,Library,17,3,0,0,82
2026-02-05 17:00:00,Gate3,17,3,0,0,168
2026-02-05 17:00:00,Cafeteria,17,3,0,0,107
2026-02-05 17:00:00,HostelArea,17,3,0,0,78
2026-02-05 17:00:00,MainBlock,17,3,0,0,92
2026-02-05 18:00:00,Library,18,3,0,0,97
2026-02-05 18:00:00,Gate3,18,3,0,0,110
2026-02-05 18:00:00,Cafeteria,18,3,0,0,131
2026-02-05 18:00:00,HostelArea,18,3,0,0,78
2026-02-05 18:00:00,MainBlock,18,3,0,0,135
2026-02-05 19:00:00,Library,19,3,0,0,19
2026-02-05 19:00:00,Gate3,19,3,0,0,22
2026-02-05 19:00:00,Cafeteria,19,3,0,0,6
2026-02-05 19:00:00,HostelArea,19,3,0,0,23
2026-02-05 19:00:00,MainBlock,19,3,0,0,23
2026-02-05 20:00:00,Library,20,3,0,0,24
2026-02-05 20:00:00,Gate3,20,3,0,0,21
2026-02-05 20:00:00,Cafeteria,20,3,0,0,21
2026-02-05 20:00:00,HostelArea,20,3,0,0,15
2026-02-05 20:00:00,MainBlock,20,3,0,0,12
2026-02-05 21:00:00,Library,21,3,0,0,16
2026-02-05 21:00:00,Gate3,21,3,0,0,20
2026-02-05 21:00:00,Cafeteria,21,3,0,0,20
2026-02-05 21:00:00,HostelArea,21,3,0,0,16
2026-02-05 21:00:00,MainBlock,21,3,0,0,12
2026-02-05 22:00:00,Library,22,3,0,0,32
2026-02-05 22:00:00,Gate3,22,3,0,0,24
2026-02-05 22:00:00,Cafeteria,22,3,0,0,13
2026-02-05 22:00:00,HostelArea,22,3,0,0,12
2026-02-05 22:00:00,MainBlock,22,3,0,0,22
2026-02-05 23:00:00,Library,23,3,0,0,49
2026-02-05 23:00:00,Gate3,23,3,0,0,24
2026-02-05 23:00:00,Cafeteria,23,3,0,0,24
2026-02-05 23:00:00,HostelArea,23,3,0,0,25
2026-02-05 23:00:00,MainBlock,23,3,0,0,18
2026-02-06 00:00:00,Library,0,4,0,1,12
2026-02-06 00:00:00,Gate3,0,4,0,1,16
2026-02-06 00:00:00,Cafeteria,0,4,0,1,14
2026-02-06 00:00:00,HostelArea,0,4,0,1,16
2026-02-06 00:00:00,MainBlock,0,4,0,1,16
2026-02-06 01:00:00,Library,1,4,0,1,11
2026-02-06 01:00:00,Gate3,1,4,0,1,15
2026-02-06 01:00:00,Cafeteria,1,4,0,1,10
2026-02-06 01:00:00,HostelArea,1,4,0,1,14
2026-02-06 01:00:00,MainBlock,1,4,0,1,15
2026-02-06 02:00:00,Library,2,4,0,1,16
2026-02-06 02:00:00,Gate3,2,4,0,1,14
2026-02-06 02:00:00,Cafeteria,2,4,0,1,11
2026-02-06 02:00:00,HostelArea,2,4,0,1,13
2026-02-06 02:00:00,MainBlock,2,4,0,1,13
2026-02-06 03:00:00,Library,3,4,0,1,10
2026-02-06 03:00:00,Gate3,3,4,0,1,11
2026-02-06 03:00:00,Cafeteria,3,4,0,1,12
2026-02-06 03:00:00,HostelArea,3,4,0,1,12
2026-02-06 03:00:00,MainBlock,3,4,0,1,14
2026-02-06 04:00:00,Library,4,4,0,1,12
2026-02-06 04:00:00,Gate3,4,4,0,1,9
2026-02-06 04:00:00,Cafeteria,4,4,0,1,14
2026-02-06 04:00:00,HostelArea,4,4,0,1,11
2026-02-06 04:00:00,MainBlock,4,4,0,1,14
2026-02-06 05:00:00,Library,5,4,0,1,13
2026-02-06 05:00:00,Gate3,5,4,0,1,15
2026-02-06 05:00:00,Cafeteria,5,4,0,1,12
2026-02-06 05:00:00,HostelArea,5,4,0,1,9
2026-02-06 05:00:00,MainBlock,5,4,0,1,21
2026-02-06 06:00:00,Library,6,4,0,1,13
2026-02-06 06:00:00,Gate3,6,4,0,1,17
2026-02-06 06:00:00,Cafeteria,6,4,0,1,14
2026-02-06 06:00:00,HostelArea,6,4,0,1,12
2026-02-06 06:00:00,MainBlock,6,4,0,1,15
2026-02-06 07:00:00,Library,7,4,0,1,6
2026-02-06 07:00:00,Gate3,7,4,0,1,12
2026-02-06 07:00:00,Cafeteria,7,4,0,1,20
2026-02-06 07:00:00,HostelArea,7,4,0,1,10
2026-02-06 07:00:00,MainBlock,7,4,0,1,10
2026-02-06 08:00:00,Library,8,4,0,1,39
2026-02-06 08:00:00,Gate3,8,4,0,1,32
2026-02-06 08:00:00,Cafeteria,8,4,0,1,38
2026-02-06 08:00:00,HostelArea,8,4,0,1,43
2026-02-06 08:00:00,MainBlock,8,4,0,1,43
2026-02-06 09:00:00,Library,9,4,0,1,30
2026-02-06 09:00:00,Gate3,9,4,0,1,55
2026-02-06 09:00:00,Cafeteria,9,4,0,1,40
2026-02-06 09:00:00,HostelArea,9,4,0,1,36
2026-02-06 09:00:00,MainBlock,9,4,0,1,44
2026-02-06 10:00:00,Library,10,4,0,1,44
2026-02-06 10:00:00,Gate3,10,4,0,1,44
2026-02-06 10:00:00,Cafeteria,10,4,0,1,35
2026-02-06 10:00:00,HostelArea,10,4,0,1,42
2026-02-06 10:00:00,MainBlock,10,4,0,1,60
2026-02-06 11:00:00,Library,11,4,0,1,36
2026-02-06 11:00:00,Gate3,11,4,0,1,53
2026-02-06 11:00:00,Cafeteria,11,4,0,1,31
2026-02-06 11:00:00,HostelArea,11,4,0,1,34
2026-02-06 11:00:00,MainBlock,11,4,0,1,38
2026-02-06 12:00:00,Library,12,4,0,1,84
2026-02-06 12:00:00,Gate3,12,4,0,1,77
2026-02-06 12:00:00,Cafeteria,12,4,0,1,56
2026-02-06 12:00:00,HostelArea,12,4,0,1,31
2026-02-06 12:00:00,MainBlock,12,4,0,1,26
2026-02-06 13:00:00,Library,13,4,0,1,53
2026-02-06 13:00:00,Gate3,13,4,0,1,57
2026-02-06 13:00:00,Cafeteria,13,4,0,1,84
2026-02-06 13:00:00,HostelArea,13,4,0,1,66
2026-02-06 13:00:00,MainBlock,13,4,0,1,79
2026-02-06 14:00:00,Library,14,4,0,1,60
2026-02-06 14:00:00,Gate3,14,4,0,1,55
2026-02-06 14:00:00,Cafeteria,14,4,0,1,79
2026-02-06 14:00:00,HostelArea,14,4,0,1,63
2026-02-06 14:00:00,MainBlock,14,4,0,1,92
2026-02-06 15:00:00,Library,15,4,0,1,55
2026-02-06 15:00:00,Gate3,15,4,0,1,54
2026-02-06 15:00:00,Cafeteria,15,4,0,1,37
2026-02-06 15:00:00,HostelArea,15,4,0,1,33
2026-02-06 15:00:00,MainBlock,15,4,0,1,54
2026-02-06 16:00:00,Library,16,4,0,1,51
2026-02-06 16:00:00,Gate3,16,4,0,1,46
2026-02-06 16:00:00,Cafeteria,16,4,0,1,34
2026-02-06 16:00:00,HostelArea,16,4,0,1,47
2026-02-06 16:00:00,MainBlock,16,4,0,1,57
2026-02-06 17:00:00,Library,17,4,0,1,63
2026-02-06 17:00:00,Gate3,17,4,0,1,136
2026-02-06 17:00:00,Cafeteria,17,4,0,1,69
2026-02-06 17:00:00,HostelArea,17,4,0,1,62
2026-02-06 17:00:00,MainBlock,17,4,0,1,74
2026-02-06 18:00:00,Library,18,4,0,1,54
2026-02-06 18:00:00,Gate3,18,4,0,1,58
2026-02-06 18:00:00,Cafeteria,18,4,0,1,50
2026-02-06 18:00:00,HostelArea,18,4,0,1,66
2026-02-06 18:00:00,MainBlock,18,4,0,1,99
2026-02-06 19:00:00,Library,19,4,0,1,20
2026-02-06 19:00:00,Gate3,19,4,0,1,10
2026-02-06 19:00:00,Cafeteria,19,4,0,1,14
2026-02-06 19:00:00,HostelArea,19,4,0,1,15
2026-02-06 19:00:00,MainBlock,19,4,0,1,10
2026-02-06 20:00:00,Library,20,4,0,1,15
2026-02-06 20:00:00,Gate3,20,4,0,1,12
2026-02-06 20:00:00,Cafeteria,20,4,0,1,11
2026-02-06 20:00:00,HostelArea,20,4,0,1,12
2026-02-06 20:00:00,MainBlock,20,4,0,1,14
2026-02-06 21:00:00,Library,21,4,0,1,15
2026-02-06 21:00:00,Gate3,21,4,0,1,15
2026-02-06 21:00:00,Cafeteria,21,4,0,1,17
2026-02-06 21:00:00,HostelArea,21,4,0,1,14
2026-02-06 21:00:00,MainBlock,21,4,0,1,10
2026-02-06 22:00:00,Library,22,4,0,1,19
2026-02-06 22:00:00,Gate3,22,4,0,1,10
2026-02-06 22:00:00,Cafeteria,22,4,0,1,11
2026-02-06 22:00:00,HostelArea,22,4,0,1,16
2026-02-06 22:00:00,MainBlock,22,4,0,1,11
2026-02-06 23:00:00,Library,23,4,0,1,25
2026-02-06 23:00:00,Gate3,23,4,0,1,9
2026-02-06 23:00:00,Cafeteria,23,4,0,1,10
2026-02-06 23:00:00,HostelArea,23,4,0,1,12
2026-02-06 23:00:00,MainBlock,23,4,0,1,17
2026-02-07 00:00:00,Library,0,5,0,0,9
2026-02-07 00:00:00,Gate3,0,5,0,0,6
2026-02-07 00:00:00,Cafeteria,0,5,0,0,9
2026-02-07 00:00:00,HostelArea,0,5,0,0,10
2026-02-07 00:00:00,MainBlock,0,5,0,0,4
2026-02-07 01:00:00,Library,1,5,0,0,7
2026-02-07 01:00:00,Gate3,1,5,0,0,6
2026-02-07 01:00:00,Cafeteria,1,5,0,0,8
2026-02-07 01:00:00,HostelArea,1,5,0,0,11
2026-02-07 01:00:00,MainBlock,1,5,0,0,3
2026-02-07 02:00:00,Library,2,5,0,0,10
2026-02-07 02:00:00,Gate3,2,5,0,0,7
2026-02-07 02:00:00,Cafeteria,2,5,0,0,7
2026-02-07 02:00:00,HostelArea,2,5,0,0,8
2026-02-07 02:00:00,MainBlock,2,5,0,0,7
2026-02-07 03:00:00,Library,3,5,0,0,6
2026-02-07 03:00:00,Gate3,3,5,0,0,9
2026-02-07 03:00:00,Cafeteria,3,5,0,0,8
2026-02-07 03:00:00,HostelArea,3,5,0,0,7
2026-02-07 03:00:00,MainBlock,3,5,0,0,9
2026-02-07 04:00:00,Library,4,5,0,0,9
2026-02-07 04:00:00,Gate3,4,5,0,0,5
2026-02-07 04:00:00,Cafeteria,4,5,0,0,7
2026-02-07 04:00:00,HostelArea,4,5,0,0,7
2026-02-07 04:00:00,MainBlock,4,5,0,0,9
2026-02-07 05:00:00,Library,5,5,0,0,8
2026-02-07 05:00:00,Gate3,5,5,0,0,7
2026-02-07 05:00:00,Cafeteria,5,5,0,0,8
2026-02-07 05:00:00,HostelArea,5,5,0,0,11
2026-02-07 05:00:00,MainBlock,5,5,0,0,7
2026-02-07 06:00:00,Library,6,5,0,0,9
2026-02-07 06:00:00,Gate3,6,5,0,0,4
2026-02-07 06:00:00,Cafeteria,6,5,0,0,8
2026-02-07 06:00:00,HostelArea,6,5,0,0,5
2026-02-07 06:00:00,MainBlock,6,5,0,0,6
2026-02-07 07:00:00,Library,7,5,0,0,7
2026-02-07 07:00:00,Gate3,7,5,0,0,6
2026-02-07 07:00:00,Cafeteria,7,5,0,0,6
2026-02-07 07:00:00,HostelArea,7,5,0,0,9
2026-02-07 07:00:00,MainBlock,7,5,0,0,8
2026-02-07 08:00:00,Library,8,5,0,0,25
2026-02-07 08:00:00,Gate3,8,5,0,0,22
2026-02-07 08:00:00,Cafeteria,8,5,0,0,20
2026-02-07 08:00:00,HostelArea,8,5,0,0,31
2026-02-07 08:00:00,MainBlock,8,5,0,0,27
2026-02-07 09:00:00,Library,9,5,0,0,22
2026-02-07 09:00:00,Gate3,9,5,0,0,34
2026-02-07 09:00:00,Cafeteria,9,5,0,0,20
2026-02-07 09:00:00,HostelArea,9,5,0,0,32
2026-02-07 09:00:00,MainBlock,9,5,0,0,16
2026-02-07 10:00:00,Library,10,5,0,0,27
2026-02-07 10:00:00,Gate3,10,5,0,0,17
2026-02-07 10:00:00,Cafeteria,10,5,0,0,21
2026-02-07 10:00:00,HostelArea,10,5,0,0,29
2026-02-07 10:00:00,MainBlock,10,5,0,0,36
2026-02-07 11:00:00,Library,11,5,0,0,23
2026-02-07 11:00:00,Gate3,11,5,0,0,19
2026-02-07 11:00:00,Cafeteria,11,5,0,0,28
2026-02-07 11:00:00,HostelArea,11,5,0,0,24
2026-02-07 11:00:00,MainBlock,11,5,0,0,27
2026-02-07 12:00:00,Library,12,5,0,0,48
2026-02-07 12:00:00,Gate3,12,5,0,0,31
2026-02-07 12:00:00,Cafeteria,12,5,0,0,32
2026-02-07 12:00:00,HostelArea,12,5,0,0,31
2026-02-07 12:00:00,MainBlock,12,5,0,0,45
2026-02-07 13:00:00,Library,13,5,0,0,43
2026-02-07 13:00:00,Gate3,13,5,0,0,43
2026-02-07 13:00:00,Cafeteria,13,5,0,0,35
2026-02-07 13:00:00,HostelArea,13,5,0,0,42
2026-02-07 13:00:00,MainBlock,13,5,0,0,40
2026-02-07 14:00:00,Library,14,5,0,0,43
2026-02-07 14:00:00,Gate3,14,5,0,0,44
2026-02-07 14:00:00,Cafeteria,14,5,0,0,33
2026-02-07 14:00:00,HostelArea,14,5,0,0,37
2026-02-07 14:00:00,MainBlock,14,5,0,0,42
2026-02-07 15:00:00,Library,15,5,0,0,23
2026-02-07 15:00:00,Gate3,15,5,0,0,11
2026-02-07 15:00:00,Cafeteria,15,5,0,0,24
2026-02-07 15:00:00,HostelArea,15,5,0,0,19
2026-02-07 15:00:00,MainBlock,15,5,0,0,23
2026-02-07 16:00:00,Library,16,5,0,0,26
2026-02-07 16:00:00,Gate3,16,5,0,0,21
2026-02-07 16:00:00,Cafeteria,16,5,0,0,35
2026-02-07 16:00:00,HostelArea,16,5,0,0,18
2026-02-07 16:00:00,MainBlock,16,5,0,0,32
2026-02-07 17:00:00,Library,17,5,0,0,56
2026-02-07 17:00:00,Gate3,17,5,0,0,67
2026-02-07 17:00:00,Cafeteria,17,5,0,0,42
2026-02-07 17:00:00,HostelArea,17,5,0,0,38
2026-02-07 17:00:00,MainBlock,17,5,0,0,45
2026-02-07 18:00:00,Library,18,5,0,0,43
2026-02-07 18:00:00,Gate3,18,5,0,0,31
2026-02-07 18:00:00,Cafeteria,18,5,0,0,50
2026-02-07 18:00:00,HostelArea,18,5,0,0,32
2026-02-07 18:00:00,MainBlock,18,5,0,0,41
2026-02-07 19:00:00,Library,19,5,0,0,9
2026-02-07 19:00:00,Gate3,19,5,0,0,8
2026-02-07 19:00:00,Cafeteria,19,5,0,0,7
2026-02-07 19:00:00,HostelArea,19,5,0,0,8
2026-02-07 19:00:00,MainBlock,19,5,0,0,7
2026-02-07 20:00:00,Library,20,5,0,0,9
2026-02-07 20:00:00,Gate3,20,5,0,0,9
2026-02-07 20:00:00,Cafeteria,20,5,0,0,7
2026-02-07 20:00:00,HostelArea,20,5,0,0,8
2026-02-07 20:00:00,MainBlock,20,5,0,0,8
2026-02-07 21:00:00,Library,21,5,0,0,7
2026-02-07 21:00:00,Gate3,21,5,0,0,11
2026-02-07 21:00:00,Cafeteria,21,5,0,0,7
2026-02-07 21:00:00,HostelArea,21,5,0,0,8
2026-02-07 21:00:00,MainBlock,21,5,0,0,6
2026-02-07 22:00:00,Library,22,5,0,0,14
2026-02-07 22:00:00,Gate3,22,5,0,0,6
2026-02-07 22:00:00,Cafeteria,22,5,0,0,7
2026-02-07 22:00:00,HostelArea,22,5,0,0,5
2026-02-07 22:00:00,MainBlock,22,5,0,0,5
2026-02-07 23:00:00,Library,23,5,0,0,19
2026-02-07 23:00:00,Gate3,23,5,0,0,7
2026-02-07 23:00:00,Cafeteria,23,5,0,0,9
2026-02-07 23:00:00,HostelArea,23,5,0,0,8
2026-02-07 23:00:00,MainBlock,23,5,0,0,7
2026-02-08 00:00:00,Library,0,6,0,1,4
2026-02-08 00:00:00,Gate3,0,6,0,1,6
2026-02-08 00:00:00,Cafeteria,0,6,0,1,2
2026-02-08 00:00:00,HostelArea,0,6,0,1,2
2026-02-08 00:00:00,MainBlock,0,6,0,1,6
2026-02-08 01:00:00,Library,1,6,0,1,5
2026-02-08 01:00:00,Gate3,1,6,0,1,6
2026-02-08 01:00:00,Cafeteria,1,6,0,1,5
2026-02-08 01:00:00,HostelArea,1,6,0,1,6
2026-02-08 01:00:00,MainBlock,1,6,0,1,6
2026-02-08 02:00:00,Library,2,6,0,1,5
2026-02-08 02:00:00,Gate3,2,6,0,1,5
2026-02-08 02:00:00,Cafeteria,2,6,0,1,4
2026-02-08 02:00:00,HostelArea,2,6,0,1,3
2026-02-08 02:00:00,MainBlock,2,6,0,1,4
2026-02-08 03:00:00,Library,3,6,0,1,6
2026-02-08 03:00:00,Gate3,3,6,0,1,5
2026-02-08 03:00:00,Cafeteria,3,6,0,1,7
2026-02-08 03:00:00,HostelArea,3,6,0,1,3
2026-02-08 03:00:00,MainBlock,3,6,0,1,4
2026-02-08 04:00:00,Library,4,6,0,1,7
2026-02-08 04:00:00,Gate3,4,6,0,1,5
2026-02-08 04:00:00,Cafeteria,4,6,0,1,7
2026-02-08 04:00:00,HostelArea,4,6,0,1,6
2026-02-08 04:00:00,MainBlock,4,6,0,1,7
2026-02-08 05:00:00,Library,5,6,0,1,4
2026-02-08 05:00:00,Gate3,5,6,0,1,4
2026-02-08 05:00:00,Cafeteria,5,6,0,1,5
2026-02-08 05:00:00,HostelArea,5,6,0,1,4
2026-02-08 05:00:00,MainBlock,5,6,0,1,4
2026-02-08 06:00:00,Library,6,6,0,1,4
2026-02-08 06:00:00,Gate3,6,6,0,1,5
2026-02-08 06:00:00,Cafeteria,6,6,0,1,6
2026-02-08 06:00:00,HostelArea,6,6,0,1,5
2026-02-08 06:00:00,MainBlock,6,6,0,1,7
2026-02-08 07:00:00,Library,7,6,0,1,5
2026-02-08 07:00:00,Gate3,7,6,0,1,7
2026-02-08 07:00:00,Cafeteria,7,6,0,1,5
2026-02-08 07:00:00,HostelArea,7,6,0,1,6
2026-02-08 07:00:00,MainBlock,7,6,0,1,5
2026-02-08 08:00:00,Library,8,6,0,1,14
2026-02-08 08:00:00,Gate3,8,6,0,1,15
2026-02-08 08:00:00,Cafeteria,8,6,0,1,15
2026-02-08 08:00:00,HostelArea,8,6,0,1,20
2026-02-08 08:00:00,MainBlock,8,6,0,1,11
2026-02-08 09:00:00,Library,9,6,0,1,16
2026-02-08 09:00:00,Gate3,9,6,0,1,26
2026-02-08 09:00:00,Cafeteria,9,6,0,1,17
2026-02-08 09:00:00,HostelArea,9,6,0,1,15
2026-02-08 09:00:00,MainBlock,9,6,0,1,24
2026-02-08 10:00:00,Library,10,6,0,1,17
2026-02-08 10:00:00,Gate3,10,6,0,1,13
2026-02-08 10:00:00,Cafeteria,10,6,0,1,18
2026-02-08 10:00:00,HostelArea,10,6,0,1,16
2026-02-08 10:00:00,MainBlock,10,6,0,1,19
2026-02-08 11:00:00,Library,11,6,0,1,20
2026-02-08 11:00:00,Gate3,11,6,0,1,18
2026-02-08 11:00:00,Cafeteria,11,6,0,1,19
2026-02-08 11:00:00,HostelArea,11,6,0,1,20
2026-02-08 11:00:00,MainBlock,11,6,0,1,22
2026-02-08 12:00:00,Library,12,6,0,1,25
2026-02-08 12:00:00,Gate3,12,6,0,1,29
2026-02-08 12:00:00,Cafeteria,12,6,0,1,30
2026-02-08 12:00:00,HostelArea,12,6,0,1,28
2026-02-08 12:00:00,MainBlock,12,6,0,1,21
2026-02-08 13:00:00,Library,13,6,0,1,29
2026-02-08 13:00:00,Gate3,13,6,0,1,25
2026-02-08 13:00:00,Cafeteria,13,6,0,1,34
2026-02-08 13:00:00,HostelArea,13,6,0,1,28
2026-02-08 13:00:00,MainBlock,13,6,0,1,39
2026-02-08 14:00:00,Library,14,6,0,1,36
2026-02-08 14:00:00,Gate3,14,6,0,1,24
2026-02-08 14:00:00,Cafeteria,14,6,0,1,20
2026-02-08 14:00:00,HostelArea,14,6,0,1,24
2026-02-08 14:00:00,MainBlock,14,6,0,1,18
2026-02-08 15:00:00,Library,15,6,0,1,17
2026-02-08 15:00:00,Gate3,15,6,0,1,17
2026-02-08 15:00:00,Cafeteria,15,6,0,1,19
2026-02-08 15:00:00,HostelArea,15,6,0,1,20
2026-02-08 15:00:00,MainBlock,15,6,0,1,13
2026-02-08 16:00:00,Library,16,6,0,1,20
2026-02-08 16:00:00,Gate3,16,6,0,1,16
2026-02-08 16:00:00,Cafeteria,16,6,0,1,14
2026-02-08 16:00:00,HostelArea,16,6,0,1,20
2026-02-08 16:00:00,MainBlock,16,6,0,1,17
2026-02-08 17:00:00,Library,17,6,0,1,22
2026-02-08 17:00:00,Gate3,17,6,0,1,44
2026-02-08 17:00:00,Cafeteria,17,6,0,1,29
2026-02-08 17:00:00,HostelArea,17,6,0,1,40
2026-02-08 17:00:00,MainBlock,17,6,0,1,27
2026-02-08 18:00:00,Library,18,6,0,1,36
2026-02-08 18:00:00,Gate3,18,6,0,1,35
2026-02-08 18:00:00,Cafeteria,18,6,0,1,32
2026-02-08 18:00:00,HostelArea,18,6,0,1,16
2026-02-08 18:00:00,MainBlock,18,6,0,1,32
2026-02-08 19:00:00,Library,19,6,0,1,6
2026-02-08 19:00:00,Gate3,19,6,0,1,6
2026-02-08 19:00:00,Cafeteria,19,6,0,1,6
2026-02-08 19:00:00,HostelArea,19,6,0,1,7
2026-02-08 19:00:00,MainBlock,19,6,0,1,5
2026-02-08 20:00:00,Library,20,6,0,1,3
2026-02-08 20:00:00,Gate3,20,6,0,1,7
2026-02-08 20:00:00,Cafeteria,20,6,0,1,7
2026-02-08 20:00:00,HostelArea,20,6,0,1,4
2026-02-08 20:00:00,MainBlock,20,6,0,1,5
2026-02-08 21:00:00,Library,21,6,0,1,4
2026-02-08 21:00:00,Gate3,21,6,0,1,3
2026-02-08 21:00:00,Cafeteria,21,6,0,1,6
2026-02-08 21:00:00,HostelArea,21,6,0,1,6
2026-02-08 21:00:00,MainBlock,21,6,0,1,5
2026-02-08 22:00:00,Library,22,6,0,1,13
2026-02-08 22:00:00,Gate3,22,6,0,1,5
2026-02-08 22:00:00,Cafeteria,22,6,0,1,6
2026-02-08 22:00:00,HostelArea,22,6,0,1,6
2026-02-08 22:00:00,MainBlock,22,6,0,1,5
2026-02-08 23:00:00,Library,23,6,0,1,12
2026-02-08 23:00:00,Gate3,23,6,0,1,5
2026-02-08 23:00:00,Cafeteria,23,6,0,1,6
2026-02-08 23:00:00,HostelArea,23,6,0,1,6
2026-02-08 23:00:00,MainBlock,23,6,0,1,6
2026-02-09 00:00:00,Library,0,0,1,0,25
2026-02-09 00:00:00,Gate3,0,0,1,0,21
2026-02-09 00:00:00,Cafeteria,0,0,1,0,18
2026-02-09 00:00:00,HostelArea,0,0,1,0,17
2026-02-09 00:00:00,MainBlock,0,0,1,0,18
2026-02-09 01:00:00,Library,1,0,1,0,16
2026-02-09 01:00:00,Gate3,1,0,1,0,13
2026-02-09 01:00:00,Cafeteria,1,0,1,0,21
2026-02-09 01:00:00,HostelArea,1,0,1,0,12
2026-02-09 01:00:00,MainBlock,1,0,1,0,23
2026-02-09 02:00:00,Library,2,0,1,0,15
2026-02-09 02:00:00,Gate3,2,0,1,0,16
2026-02-09 02:00:00,Cafeteria,2,0,1,0,23
2026-02-09 02:00:00,HostelArea,2,0,1,0,21
2026-02-09 02:00:00,MainBlock,2,0,1,0,27
2026-02-09 03:00:00,Library,3,0,1,0,22
2026-02-09 03:00:00,Gate3,3,0,1,0,19
2026-02-09 03:00:00,Cafeteria,3,0,1,0,19
2026-02-09 03:00:00,HostelArea,3,0,1,0,17
2026-02-09 03:00:00,MainBlock,3,0,1,0,23
2026-02-09 04:00:00,Library,4,0,1,0,20
2026-02-09 04:00:00,Gate3,4,0,1,0,16
2026-02-09 04:00:00,Cafeteria,4,0,1,0,23
2026-02-09 04:00:00,HostelArea,4,0,1,0,15
2026-02-09 04:00:00,MainBlock,4,0,1,0,17
2026-02-09 05:00:00,Library,5,0,1,0,20
2026-02-09 05:00:00,Gate3,5,0,1,0,18
2026-02-09 05:00:00,Cafeteria,5,0,1,0,13
2026-02-09 05:00:00,HostelArea,5,0,1,0,27
2026-02-09 05:00:00,MainBlock,5,0,1,0,22
2026-02-09 06:00:00,Library,6,0,1,0,14
2026-02-09 06:00:00,Gate3,6,0,1,0,25
2026-02-09 06:00:00,Cafeteria,6,0,1,0,26
2026-02-09 06:00:00,HostelArea,6,0,1,0,22
2026-02-09 06:00:00,MainBlock,6,0,1,0,17
2026-02-09 07:00:00,Library,7,0,1,0,16
2026-02-09 07:00:00,Gate3,7,0,1,0,18
2026-02-09 07:00:00,Cafeteria,7,0,1,0,25
2026-02-09 07:00:00,HostelArea,7,0,1,0,17
2026-02-09 07:00:00,MainBlock,7,0,1,0,22
2026-02-09 08:00:00,Library,8,0,1,0,67
2026-02-09 08:00:00,Gate3,8,0,1,0,51
2026-02-09 08:00:00,Cafeteria,8,0,1,0,58
2026-02-09 08:00:00,HostelArea,8,0,1,0,61
2026-02-09 08:00:00,MainBlock,8,0,1,0,53
2026-02-09 09:00:00,Library,9,0,1,0,40
2026-02-09 09:00:00,Gate3,9,0,1,0,81
2026-02-09 09:00:00,Cafeteria,9,0,1,0,52
2026-02-09 09:00:00,HostelArea,9,0,1,0,54
2026-02-09 09:00:00,MainBlock,9,0,1,0,74
2026-02-09 10:00:00,Library,10,0,1,0,63
2026-02-09 10:00:00,Gate3,10,0,1,0,66
2026-02-09 10:00:00,Cafeteria,10,0,1,0,60
2026-02-09 10:00:00,HostelArea,10,0,1,0,46
2026-02-09 10:00:00,MainBlock,10,0,1,0,71
2026-02-09 11:00:00,Library,11,0,1,0,70
2026-02-09 11:00:00,Gate3,11,0,1,0,59
2026-02-09 11:00:00,Cafeteria,11,0,1,0,65
2026-02-09 11:00:00,HostelArea,11,0,1,0,69
2026-02-09 11:00:00,MainBlock,11,0,1,0,59
2026-02-09 12:00:00,Library,12,0,1,0,72
2026-02-09 12:00:00,Gate3,12,0,1,0,112
2026-02-09 12:00:00,Cafeteria,12,0,1,0,105
2026-02-09 12:00:00,HostelArea,12,0,1,0,93
2026-02-09 12:00:00,MainBlock,12,0,1,0,59
2026-02-09 13:00:00,Library,13,0,1,0,86
2026-02-09 13:00:00,Gate3,13,0,1,0,114
2026-02-09 13:00:00,Cafeteria,13,0,1,0,94
2026-02-09 13:00:00,HostelArea,13,0,1,0,103
2026-02-09 13:00:00,MainBlock,13,0,1,0,94
2026-02-09 14:00:00,Library,14,0,1,0,77
2026-02-09 14:00:00,Gate3,14,0,1,0,87
2026-02-09 14:00:00,Cafeteria,14,0,1,0,72
2026-02-09 14:00:00,HostelArea,14,0,1,0,97
2026-02-09 14:00:00,MainBlock,14,0,1,0,107
2026-02-09 15:00:00,Library,15,0,1,0,76
2026-02-09 15:00:00,Gate3,15,0,1,0,46
2026-02-09 15:00:00,Cafeteria,15,0,1,0,74
2026-02-09 15:00:00,HostelArea,15,0,1,0,58
2026-02-09 15:00:00,MainBlock,15,0,1,0,72
2026-02-09 16:00:00,Library,16,0,1,0,117
2026-02-09 16:00:00,Gate3,16,0,1,0,111
2026-02-09 16:00:00,Cafeteria,16,0,1,0,115
2026-02-09 16:00:00,HostelArea,16,0,1,0,117
2026-02-09 16:00:00,MainBlock,16,0,1,0,96
2026-02-09 17:00:00,Library,17,0,1,0,186
2026-02-09 17:00:00,Gate3,17,0,1,0,248
2026-02-09 17:00:00,Cafeteria,17,0,1,0,146
2026-02-09 17:00:00,HostelArea,17,0,1,0,106
2026-02-09 17:00:00,MainBlock,17,0,1,0,208
2026-02-09 18:00:00,Library,18,0,1,0,211
2026-02-09 18:00:00,Gate3,18,0,1,0,185
2026-02-09 18:00:00,Cafeteria,18,0,1,0,78
2026-02-09 18:00:00,HostelArea,18,0,1,0,142
2026-02-09 18:00:00,MainBlock,18,0,1,0,165
2026-02-09 19:00:00,Library,19,0,1,0,31
2026-02-09 19:00:00,Gate3,19,0,1,0,40
2026-02-09 19:00:00,Cafeteria,19,0,1,0,33
2026-02-09 19:00:00,HostelArea,19,0,1,0,18
2026-02-09 19:00:00,MainBlock,19,0,1,0,42
2026-02-09 20:00:00,Library,20,0,1,0,42
2026-02-09 20:00:00,Gate3,20,0,1,0,27
2026-02-09 20:00:00,Cafeteria,20,0,1,0,37
2026-02-09 20:00:00,HostelArea,20,0,1,0,34
2026-02-09 20:00:00,MainBlock,20,0,1,0,32
2026-02-09 21:00:00,Library,21,0,1,0,28
2026-02-09 21:00:00,Gate3,21,0,1,0,33
2026-02-09 21:00:00,Cafeteria,21,0,1,0,37
2026-02-09 21:00:00,HostelArea,21,0,1,0,28
2026-02-09 21:00:00,MainBlock,21,0,1,0,30
2026-02-09 22:00:00,Library,22,0,1,0,54
2026-02-09 22:00:00,Gate3,22,0,1,0,46
2026-02-09 22:00:00,Cafeteria,22,0,1,0,26
2026-02-09 22:00:00,HostelArea,22,0,1,0,31
2026-02-09 22:00:00,MainBlock,22,0,1,0,36
2026-02-09 23:00:00,Library,23,0,1,0,96
2026-02-09 23:00:00,Gate3,23,0,1,0,23
2026-02-09 23:00:00,Cafeteria,23,0,1,0,45
2026-02-09 23:00:00,HostelArea,23,0,1,0,33
2026-02-09 23:00:00,MainBlock,23,0,1,0,37
2026-02-10 00:00:00,Library,0,1,0,0,20
2026-02-10 00:00:00,Gate3,0,1,0,0,17
2026-02-10 00:00:00,Cafeteria,0,1,0,0,22
2026-02-10 00:00:00,HostelArea,0,1,0,0,23
2026-02-10 00:00:00,MainBlock,0,1,0,0,23
2026-02-10 01:00:00,Library,1,1,0,0,19
2026-02-10 01:00:00,Gate3,1,1,0,0,21
2026-02-10 01:00:00,Cafeteria,1,1,0,0,22
2026-02-10 01:00:00,HostelArea,1,1,0,0,28
2026-02-10 01:00:00,MainBlock,1,1,0,0,19
2026-02-10 02:00:00,Library,2,1,0,0,17
2026-02-10 02:00:00,Gate3,2,1,0,0,25
2026-02-10 02:00:00,Cafeteria,2,1,0,0,24
2026-02-10 02:00:00,HostelArea,2,1,0,0,20
2026-02-10 02:00:00,MainBlock,2,1,0,0,21
2026-02-10 03:00:00,Library,3,1,0,0,23
2026-02-10 03:00:00,Gate3,3,1,0,0,19
2026-02-10 03:00:00,Cafeteria,3,1,0,0,17
2026-02-10 03:00:00,HostelArea,3,1,0,0,15
2026-02-10 03:00:00,MainBlock,3,1,0,0,16
2026-02-10 04:00:00,Library,4,1,0,0,25
2026-02-10 04:00:00,Gate3,4,1,0,0,15
2026-02-10 04:00:00,Cafeteria,4,1,0,0,14
2026-02-10 04:00:00,HostelArea,4,1,0,0,16
2026-02-10 04:00:00,MainBlock,4,1,0,0,19
2026-02-10 05:00:00,Library,5,1,0,0,20
2026-02-10 05:00:00,Gate3,5,1,0,0,15
2026-02-10 05:00:00,Cafeteria,5,1,0,0,16
2026-02-10 05:00:00,HostelArea,5,1,0,0,14
2026-02-10 05:00:00,MainBlock,5,1,0,0,20
2026-02-10 06:00:00,Library,6,1,0,0,26
2026-02-10 06:00:00,Gate3,6,1,0,0,14
2026-02-10 06:00:00,Cafeteria,6,1,0,0,19
2026-02-10 06:00:00,HostelArea,6,1,0,0,28
2026-02-10 06:00:00,MainBlock,6,1,0,0,14
2026-02-10 07:00:00,Library,7,1,0,0,22
2026-02-10 07:00:00,Gate3,7,1,0,0,21
2026-02-10 07:00:00,Cafeteria,7,1,0,0,17
2026-02-10 07:00:00,HostelArea,7,1,0,0,20
2026-02-10 07:00:00,MainBlock,7,1,0,0,25
2026-02-10 08:00:00,Library,8,1,0,0,45
2026-02-10 08:00:00,Gate3,8,1,0,0,61
2026-02-10 08:00:00,Cafeteria,8,1,0,0,69
2026-02-10 08:00:00,HostelArea,8,1,0,0,67
2026-02-10 08:00:00,MainBlock,8,1,0,0,47
2026-02-10 09:00:00,Library,9,1,0,0,52
2026-02-10 09:00:00,Gate3,9,1,0,0,63
2026-02-10 09:00:00,Cafeteria,9,1,0,0,51
2026-02-10 09:00:00,HostelArea,9,1,0,0,64
2026-02-10 09:00:00,MainBlock,9,1,0,0,61
2026-02-10 10:00:00,Library,10,1,0,0,58
2026-02-10 10:00:00,Gate3,10,1,0,0,38
2026-02-10 10:00:00,Cafeteria,10,1,0,0,47
2026-02-10 10:00:00,HostelArea,10,1,0,0,49
2026-02-10 10:00:00,MainBlock,10,1,0,0,62
2026-02-10 11:00:00,Library,11,1,0,0,65
2026-02-10 11:00:00,Gate3,11,1,0,0,66
2026-02-10 11:00:00,Cafeteria,11,1,0,0,52
2026-02-10 11:00:00,HostelArea,11,1,0,0,67
2026-02-10 11:00:00,MainBlock,11,1,0,0,49
2026-02-10 12:00:00,Library,12,1,0,0,86
2026-02-10 12:00:00,Gate3,12,1,0,0,110
2026-02-10 12:00:00,Cafeteria,12,1,0,0,107
2026-02-10 12:00:00,HostelArea,12,1,0,0,90
2026-02-10 12:00:00,MainBlock,12,1,0,0,92
2026-02-10 13:00:00,Library,13,1,0,0,129
2026-02-10 13:00:00,Gate3,13,1,0,0,69
2026-02-10 13:00:00,Cafeteria,13,1,0,0,110
2026-02-10 13:00:00,HostelArea,13,1,0,0,98
2026-02-10 13:00:00,MainBlock,13,1,0,0,107
2026-02-10 14:00:00,Library,14,1,0,0,104
2026-02-10 14:00:00,Gate3,14,1,0,0,135
2026-02-10 14:00:00,Cafeteria,14,1,0,0,120
2026-02-10 14:00:00,HostelArea,14,1,0,0,134
2026-02-10 14:00:00,MainBlock,14,1,0,0,90
2026-02-10 15:00:00,Library,15,1,0,0,58
2026-02-10 15:00:00,Gate3,15,1,0,0,72
2026-02-10 15:00:00,Cafeteria,15,1,0,0,56
2026-02-10 15:00:00,HostelArea,15,1,0,0,92
2026-02-10 15:00:00,MainBlock,15,1,0,0,55
2026-02-10 16:00:00,Library,16,1,0,0,54
2026-02-10 16:00:00,Gate3,16,1,0,0,62
2026-02-10 16:00:00,Cafeteria,16,1,0,0,87
2026-02-10 16:00:00,HostelArea,16,1,0,0,55
2026-02-10 16:00:00,MainBlock,16,1,0,0,65
2026-02-10 17:00:00,Library,17,1,0,0,101
2026-02-10 17:00:00,Gate3,17,1,0,0,166
2026-02-10 17:00:00,Cafeteria,17,1,0,0,100
2026-02-10 17:00:00,HostelArea,17,1,0,0,79
2026-02-10 17:00:00,MainBlock,17,1,0,0,85
2026-02-10 18:00:00,Library,18,1,0,0,110
2026-02-10 18:00:00,Gate3,18,1,0,0,71
2026-02-10 18:00:00,Cafeteria,18,1,0,0,88
2026-02-10 18:00:00,HostelArea,18,1,0,0,88
2026-02-10 18:00:00,MainBlock,18,1,0,0,153
2026-02-10 19:00:00,Library,19,1,0,0,21
2026-02-10 19:00:00,Gate3,19,1,0,0,14
2026-02-10 19:00:00,Cafeteria,19,1,0,0,21
2026-02-10 19:00:00,HostelArea,19,1,0,0,16
2026-02-10 19:00:00,MainBlock,19,1,0,0,19
2026-02-10 20:00:00,Library,20,1,0,0,11
2026-02-10 20:00:00,Gate3,20,1,0,0,18
2026-02-10 20:00:00,Cafeteria,20,1,0,0,19
2026-02-10 20:00:00,HostelArea,20,1,0,0,12
2026-02-10 20:00:00,MainBlock,20,1,0,0,21
2026-02-10 21:00:00,Library,21,1,0,0,23
2026-02-10 21:00:00,Gate3,21,1,0,0,25
2026-02-10 21:00:00,Cafeteria,21,1,0,0,24
2026-02-10 21:00:00,HostelArea,21,1,0,0,16
2026-02-10 21:00:00,MainBlock,21,1,0,0,23
2026-02-10 22:00:00,Library,22,1,0,0,33
2026-02-10 22:00:00,Gate3,22,1,0,0,19
2026-02-10 22:00:00,Cafeteria,22,1,0,0,24
2026-02-10 22:00:00,HostelArea,22,1,0,0,19
2026-02-10 22:00:00,MainBlock,22,1,0,0,13
2026-02-10 23:00:00,Library,23,1,0,0,46
2026-02-10 23:00:00,Gate3,23,1,0,0,24
2026-02-10 23:00:00,Cafeteria,23,1,0,0,24
2026-02-10 23:00:00,HostelArea,23,1,0,0,12
2026-02-10 23:00:00,MainBlock,23,1,0,0,16
2026-02-11 00:00:00,Library,0,2,0,0,15
2026-02-11 00:00:00,Gate3,0,2,0,0,22
2026-02-11 00:00:00,Cafeteria,0,2,0,0,18
2026-02-11 00:00:00,HostelArea,0,2,0,0,25
2026-02-11 00:00:00,MainBlock,0,2,0,0,19
2026-02-11 01:00:00,Library,1,2,0,0,22
2026-02-11 01:00:00,Gate3,1,2,0,0,23
2026-02-11 01:00:00,Cafeteria,1,2,0,0,20
2026-02-11 01:00:00,HostelArea,1,2,0,0,23
2026-02-11 01:00:00,MainBlock,1,2,0,0,17
2026-02-11 02:00:00,Library,2,2,0,0,18
2026-02-11 02:00:00,Gate3,2,2,0,0,18
2026-02-11 02:00:00,Cafeteria,2,2,0,0,23
2026-02-11 02:00:00,HostelArea,2,2,0,0,21
2026-02-11 02:00:00,MainBlock,2,2,0,0,20
2026-02-11 03:00:00,Library,3,2,0,0,18
2026-02-11 03:00:00,Gate3,3,2,0,0,18
2026-02-11 03:00:00,Cafeteria,3,2,0,0,18
2026-02-11 03:00:00,HostelArea,3,2,0,0,15
2026-02-11 03:00:00,MainBlock,3,2,0,0,21
2026-02-11 04:00:00,Library,4,2,0,0,23
2026-02-11 04:00:00,Gate3,4,2,0,0,16
2026-02-11 04:00:00,Cafeteria,4,2,0,0,23
2026-02-11 04:00:00,HostelArea,4,2,0,0,16
2026-02-11 04:00:00,MainBlock,4,2,0,0,17
2026-02-11 05:00:00,Library,5,2,0,0,23
2026-02-11 05:00:00,Gate3,5,2,0,0,18
2026-02-11 05:00:00,Cafeteria,5,2,0,0,19
2026-02-11 05:00:00,HostelArea,5,2,0,0,17
2026-02-11 05:00:00,MainBlock,5,2,0,0,23
2026-02-11 06:00:00,Library,6,2,0,0,15
2026-02-11 06:00:00,Gate3,6,2,0,0,21
2026-02-11 06:00:00,Cafeteria,6,2,0,0,18
2026-02-11 06:00:00,HostelArea,6,2,0,0,18
2026-02-11 06:00:00,MainBlock,6,2,0,0,17
2026-02-11 07:00:00,Library,7,2,0,0,15
2026-02-11 07:00:00,Gate3,7,2,0,0,21
2026-02-11 07:00:00,Cafeteria,7,2,0,0,23
2026-02-11 07:00:00,HostelArea,7,2,0,0,21
2026-02-11 07:00:00,MainBlock,7,2,0,0,23
2026-02-11 08:00:00,Library,8,2,0,0,30
2026-02-11 08:00:00,Gate3,8,2,0,0,49
2026-02-11 08:00:00,Cafeteria,8,2,0,0,70
2026-02-11 08:00:00,HostelArea,8,2,0,0,73
2026-02-11 08:00:00,MainBlock,8,2,0,0,51
2026-02-11 09:00:00,Library,9,2,0,0,39
2026-02-11 09:00:00,Gate3,9,2,0,0,58
2026-02-11 09:00:00,Cafeteria,9,2,0,0,60
2026-02-11 09:00:00,HostelArea,9,2,0,0,73
2026-02-11 09:00:00,MainBlock,9,2,0,0,31
2026-02-11 10:00:00,Library,10,2,0,0,59
2026-02-11 10:00:00,Gate3,10,2,0,0,62
2026-02-11 10:00:00,Cafeteria,10,2,0,0,76
2026-02-11 10:00:00,HostelArea,10,2,0,0,55
2026-02-11 10:00:00,MainBlock,10,2,0,0,57
2026-02-11 11:00:00,Library,11,2,0,0,44
2026-02-11 11:00:00,Gate3,11,2,0,0,73
2026-02-11 11:00:00,Cafeteria,11,2,0,0,55
2026-02-11 11:00:00,HostelArea,11,2,0,0,68
2026-02-11 11:00:00,MainBlock,11,2,0,0,64
2026-02-11 12:00:00,Library,12,2,0,0,115
2026-02-11 12:00:00,Gate3,12,2,0,0,126
2026-02-11 12:00:00,Cafeteria,12,2,0,0,94
2026-02-11 12:00:00,HostelArea,12,2,0,0,110
2026-02-11 12:00:00,MainBlock,12,2,0,0,95
2026-02-11 13:00:00,Library,13,2,0,0,106
2026-02-11 13:00:00,Gate3,13,2,0,0,83
2026-02-11 13:00:00,Cafeteria,13,2,0,0,118
2026-02-11 13:00:00,HostelArea,13,2,0,0,89
2026-02-11 13:00:00,MainBlock,13,2,0,0,98
2026-02-11 14:00:00,Library,14,2,0,0,79
2026-02-11 14:00:00,Gate3,14,2,0,0,129
2026-02-11 14:00:00,Cafeteria,14,2,0,0,97
2026-02-11 14:00:00,HostelArea,14,2,0,0,95
2026-02-11 14:00:00,MainBlock,14,2,0,0,74
2026-02-11 15:00:00,Library,15,2,0,0,65
2026-02-11 15:00:00,Gate3,15,2,0,0,39
2026-02-11 15:00:00,Cafeteria,15,2,0,0,29
2026-02-11 15:00:00,HostelArea,15,2,0,0,59
2026-02-11 15:00:00,MainBlock,15,2,0,0,81
2026-02-11 16:00:00,Library,16,2,0,0,68
2026-02-11 16:00:00,Gate3,16,2,0,0,84
2026-02-11 16:00:00,Cafeteria,16,2,0,0,72
2026-02-11 16:00:00,HostelArea,16,2,0,0,56
2026-02-11 16:00:00,MainBlock,16,2,0,0,70
2026-02-11 17:00:00,Library,17,2,0,0,91
2026-02-11 17:00:00,Gate3,17,2,0,0,144
2026-02-11 17:00:00,Cafeteria,17,2,0,0,103
2026-02-11 17:00:00,HostelArea,17,2,0,0,85
2026-02-11 17:00:00,MainBlock,17,2,0,0,102
2026-02-11 18:00:00,Library,18,2,0,0,101
2026-02-11 18:00:00,Gate3,18,2,0,0,89
2026-02-11 18:00:00,Cafeteria,18,2,0,0,95
2026-02-11 18:00:00,HostelArea,18,2,0,0,122
2026-02-11 18:00:00,MainBlock,18,2,0,0,123
2026-02-11 19:00:00,Library,19,2,0,0,14
2026-02-11 19:00:00,Gate3,19,2,0,0,21
2026-02-11 19:00:00,Cafeteria,19,2,0,0,16
2026-02-11 19:00:00,HostelArea,19,2,0,0,25
2026-02-11 19:00:00,MainBlock,19,2,0,0,22
2026-02-11 20:00:00,Library,20,2,0,0,15
2026-02-11 20:00:00,Gate3,20,2,0,0,16
2026-02-11 20:00:00,Cafeteria,20,2,0,0,19
2026-02-11 20:00:00,HostelArea,20,2,0,0,26
2026-02-11 20:00:00,MainBlock,20,2,0,0,24
2026-02-11 21:00:00,Library,21,2,0,0,25
2026-02-11 21:00:00,Gate3,21,2,0,0,20
2026-02-11 21:00:00,Cafeteria,21,2,0,0,23
2026-02-11 21:00:00,HostelArea,21,2,0,0,21
2026-02-11 21:00:00,MainBlock,21,2,0,0,15
2026-02-11 22:00:00,Library,22,2,0,0,45
2026-02-11 22:00:00,Gate3,22,2,0,0,17
2026-02-11 22:00:00,Cafeteria,22,2,0,0,23
2026-02-11 22:00:00,HostelArea,22,2,0,0,15
2026-02-11 22:00:00,MainBlock,22,2,0,0,19
2026-02-11 23:00:00,Library,23,2,0,0,48
2026-02-11 23:00:00,Gate3,23,2,0,0,16
2026-02-11 23:00:00,Cafeteria,23,2,0,0,18
2026-02-11 23:00:00,HostelArea,23,2,0,0,16
2026-02-11 23:00:00,MainBlock,23,2,0,0,12
2026-02-12 00:00:00,Library,0,3,0,0,22
2026-02-12 00:00:00,Gate3,0,3,0,0,20
2026-02-12 00:00:00,Cafeteria,0,3,0,0,20
2026-02-12 00:00:00,HostelArea,0,3,0,0,28
2026-02-12 00:00:00,MainBlock,0,3,0,0,21
2026-02-12 01:00:00,Library,1,3,0,0,13
2026-02-12 01:00:00,Gate3,1,3,0,0,27
2026-02-12 01:00:00,Cafeteria,1,3,0,0,13
2026-02-12 01:00:00,HostelArea,1,3,0,0,22
2026-02-12 01:00:00,MainBlock,1,3,0,0,13
2026-02-12 02:00:00,Library,2,3,0,0,20
2026-02-12 02:00:00,Gate3,2,3,0,0,9
2026-02-12 02:00:00,Cafeteria,2,3,0,0,20
2026-02-12 02:00:00,HostelArea,2,3,0,0,18
2026-02-12 02:00:00,MainBlock,2,3,0,0,15
2026-02-12 03:00:00,Library,3,3,0,0,22
2026-02-12 03:00:00,Gate3,3,3,0,0,15
2026-02-12 03:00:00,Cafeteria,3,3,0,0,26
2026-02-12 03:00:00,HostelArea,3,3,0,0,17
2026-02-12 03:00:00,MainBlock,3,3,0,0,23
2026-02-12 04:00:00,Library,4,3,0,0,24
2026-02-12 04:00:00,Gate3,4,3,0,0,15
2026-02-12 04:00:00,Cafeteria,4,3,0,0,18
2026-02-12 04:00:00,HostelArea,4,3,0,0,21
2026-02-12 04:00:00,MainBlock,4,3,0,0,22
2026-02-12 05:00:00,Library,5,3,0,0,15
2026-02-12 05:00:00,Gate3,5,3,0,0,17
2026-02-12 05:00:00,Cafeteria,5,3,0,0,15
2026-02-12 05:00:00,HostelArea,5,3,0,0,18
2026-02-12 05:00:00,MainBlock,5,3,0,0,26
2026-02-12 06:00:00,Library,6,3,0,0,22
2026-02-12 06:00:00,Gate3,6,3,0,0,18
2026-02-12 06:00:00,Cafeteria,6,3,0,0,24
2026-02-12 06:00:00,HostelArea,6,3,0,0,23
2026-02-12 06:00:00,MainBlock,6,3,0,0,24
2026-02-12 07:00:00,Library,7,3,0,0,16
2026-02-12 07:00:00,Gate3,7,3,0,0,20
2026-02-12 07:00:00,Cafeteria,7,3,0,0,19
2026-02-12 07:00:00,HostelArea,7,3,0,0,23
2026-02-12 07:00:00,MainBlock,7,3,0,0,16
2026-02-12 08:00:00,Library,8,3,0,0,60
2026-02-12 08:00:00,Gate3,8,3,0,0,72
2026-02-12 08:00:00,Cafeteria,8,3,0,0,54
2026-02-12 08:00:00,HostelArea,8,3,0,0,72
2026-02-12 08:00:00,MainBlock,8,3,0,0,67
2026-02-12 09:00:00,Library,9,3,0,0,53
2026-02-12 09:00:00,Gate3,9,3,0,0,87
2026-02-12 09:00:00,Cafeteria,9,3,0,0,71
2026-02-12 09:00:00,HostelArea,9,3,0,0,61
2026-02-12 09:00:00,MainBlock,9,3,0,0,69
2026-02-12 10:00:00,Library,10,3,0,0,39
2026-02-12 10:00:00,Gate3,10,3,0,0,26
2026-02-12 10:00:00,Cafeteria,10,3,0,0,51
2026-02-12 10:00:00,HostelArea,10,3,0,0,65
2026-02-12 10:00:00,MainBlock,10,3,0,0,68
2026-02-12 11:00:00,Library,11,3,0,0,63
2026-02-12 11:00:00,Gate3,11,3,0,0,62
2026-02-12 11:00:00,Cafeteria,11,3,0,0,41
2026-02-12 11:00:00,HostelArea,11,3,0,0,65
2026-02-12 11:00:00,MainBlock,11,3,0,0,77
2026-02-12 12:00:00,Library,12,3,0,0,137
2026-02-12 12:00:00,Gate3,12,3,0,0,89
2026-02-12 12:00:00,Cafeteria,12,3,0,0,114
2026-02-12 12:00:00,HostelArea,12,3,0,0,87
2026-02-12 12:00:00,MainBlock,12,3,0,0,78
2026-02-12 13:00:00,Library,13,3,0,0,112
2026-02-12 13:00:00,Gate3,13,3,0,0,93
2026-02-12 13:00:00,Cafeteria,13,3,0,0,95
2026-02-12 13:00:00,HostelArea,13,3,0,0,75
2026-02-12 13:00:00,MainBlock,13,3,0,0,97
2026-02-12 14:00:00,Library,14,3,0,0,110
2026-02-12 14:00:00,Gate3,14,3,0,0,119
2026-02-12 14:00:00,Cafeteria,14,3,0,0,107
2026-02-12 14:00:00,HostelArea,14,3,0,0,89
2026-02-12 14:00:00,MainBlock,14,3,0,0,101
2026-02-12 15:00:00,Library,15,3,0,0,59
2026-02-12 15:00:00,Gate3,15,3,0,0,40
2026-02-12 15:00:00,Cafeteria,15,3,0,0,60
2026-02-12 15:00:00,HostelArea,15,3,0,0,66
2026-02-12 15:00:00,MainBlock,15,3,0,0,66
2026-02-12 16:00:00,Library,16,3,0,0,44
2026-02-12 16:00:00,Gate3,16,3,0,0,30
2026-02-12 16:00:00,Cafeteria,16,3,0,0,45
2026-02-12 16:00:00,HostelArea,16,3,0,0,64
2026-02-12 16:00:00,MainBlock,16,3,0,0,67
2026-02-12 17:00:00,Library,17,3,0,0,94
2026-02-12 17:00:00,Gate3,17,3,0,0,176
2026-02-12 17:00:00,Cafeteria,17,3,0,0,105
2026-02-12 17:00:00,HostelArea,17,3,0,0,79
2026-02-12 17:00:00,MainBlock,17,3,0,0,95
2026-02-12 18:00:00,Library,18,3,0,0,112
2026-02-12 18:00:00,Gate3,18,3,0,0,86
2026-02-12 18:00:00,Cafeteria,18,3,0,0,129
2026-02-12 18:00:00,HostelArea,18,3,0,0,82
2026-02-12 18:00:00,MainBlock,18,3,0,0,91
2026-02-12 19:00:00,Library,19,3,0,0,18
2026-02-12 19:00:00,Gate3,19,3,0,0,23
2026-02-12 19:00:00,Cafeteria,19,3,0,0,13
2026-02-12 19:00:00,HostelArea,19,3,0,0,20
2026-02-12 19:00:00,MainBlock,19,3,0,0,25
2026-02-12 20:00:00,Library,20,3,0,0,22
2026-02-12 20:00:00,Gate3,20,3,0,0,11
2026-02-12 20:00:00,Cafeteria,20,3,0,0,16
2026-02-12 20:00:00,HostelArea,20,3,0,0,20
2026-02-12 20:00:00,MainBlock,20,3,0,0,19
2026-02-12 21:00:00,Library,21,3,0,0,17
2026-02-12 21:00:00,Gate3,21,3,0,0,29
2026-02-12 21:00:00,Cafeteria,21,3,0,0,28
2026-02-12 21:00:00,HostelArea,21,3,0,0,21
2026-02-12 21:00:00,MainBlock,21,3,0,0,17
2026-02-12 22:00:00,Library,22,3,0,0,34
2026-02-12 22:00:00,Gate3,22,3,0,0,16
2026-02-12 22:00:00,Cafeteria,22,3,0,0,18
2026-02-12 22:00:00,HostelArea,22,3,0,0,18
2026-02-12 22:00:00,MainBlock,22,3,0,0,23
2026-02-12 23:00:00,Library,23,3,0,0,42
2026-02-12 23:00:00,Gate3,23,3,0,0,17
2026-02-12 23:00:00,Cafeteria,23,3,0,0,13
2026-02-12 23:00:00,HostelArea,23,3,0,0,19
2026-02-12 23:00:00,MainBlock,23,3,0,0,27
2026-02-13 00:00:00,Library,0,4,0,0,17
2026-02-13 00:00:00,Gate3,0,4,0,0,13
2026-02-13 00:00:00,Cafeteria,0,4,0,0,22
2026-02-13 00:00:00,HostelArea,0,4,0,0,21
2026-02-13 00:00:00,MainBlock,0,4,0,0,15
2026-02-13 01:00:00,Library,1,4,0,0,20
2026-02-13 01:00:00,Gate3,1,4,0,0,16
2026-02-13 01:00:00,Cafeteria,1,4,0,0,23
2026-02-13 01:00:00,HostelArea,1,4,0,0,24
2026-02-13 01:00:00,MainBlock,1,4,0,0,20
2026-02-13 02:00:00,Library,2,4,0,0,16
2026-02-13 02:00:00,Gate3,2,4,0,0,24
2026-02-13 02:00:00,Cafeteria,2,4,0,0,18
2026-02-13 02:00:00,HostelArea,2,4,0,0,24
2026-02-13 02:00:00,MainBlock,2,4,0,0,14
2026-02-13 03:00:00,Library,3,4,0,0,22
2026-02-13 03:00:00,Gate3,3,4,0,0,16
2026-02-13 03:00:00,Cafeteria,3,4,0,0,14
2026-02-13 03:00:00,HostelArea,3,4,0,0,21
2026-02-13 03:00:00,MainBlock,3,4,0,0,19
2026-02-13 04:00:00,Library,4,4,0,0,20
2026-02-13 04:00:00,Gate3,4,4,0,0,17
2026-02-13 04:00:00,Cafeteria,4,4,0,0,11
2026-02-13 04:00:00,HostelArea,4,4,0,0,15
2026-02-13 04:00:00,MainBlock,4,4,0,0,23
2026-02-13 05:00:00,Library,5,4,0,0,22
2026-02-13 05:00:00,Gate3,5,4,0,0,20
2026-02-13 05:00:00,Cafeteria,5,4,0,0,23
2026-02-13 05:00:00,HostelArea,5,4,0,0,19
2026-02-13 05:00:00,MainBlock,5,4,0,0,19
2026-02-13 06:00:00,Library,6,4,0,0,26
2026-02-13 06:00:00,Gate3,6,4,0,0,18
2026-02-13 06:00:00,Cafeteria,6,4,0,0,21
2026-02-13 06:00:00,HostelArea,6,4,0,0,23
2026-02-13 06:00:00,MainBlock,6,4,0,0,21
2026-02-13 07:00:00,Library,7,4,0,0,12
2026-02-13 07:00:00,Gate3,7,4,0,0,14
2026-02-13 07:00:00,Cafeteria,7,4,0,0,18
2026-02-13 07:00:00,HostelArea,7,4,0,0,19
2026-02-13 07:00:00,MainBlock,7,4,0,0,28
2026-02-13 08:00:00,Library,8,4,0,0,40
2026-02-13 08:00:00,Gate3,8,4,0,0,60
2026-02-13 08:00:00,Cafeteria,8,4,0,0,63
2026-02-13 08:00:00,HostelArea,8,4,0,0,55
2026-02-13 08:00:00,MainBlock,8,4,0,0,31
2026-02-13 09:00:00,Library,9,4,0,0,54
2026-02-13 09:00:00,Gate3,9,4,0,0,111
2026-02-13 09:00:00,Cafeteria,9,4,0,0,83
2026-02-13 09:00:00,HostelArea,9,4,0,0,69
2026-02-13 09:00:00,MainBlock,9,4,0,0,63
2026-02-13 10:00:00,Library,10,4,0,0,63
2026-02-13 10:00:00,Gate3,10,4,0,0,86
2026-02-13 10:00:00,Cafeteria,10,4,0,0,77
2026-02-13 10:00:00,HostelArea,10,4,0,0,48
2026-02-13 10:00:00,MainBlock,10,4,0,0,82
2026-02-13 11:00:00,Library,11,4,0,0,49
2026-02-13 11:00:00,Gate3,11,4,0,0,30
2026-02-13 11:00:00,Cafeteria,11,4,0,0,88
2026-02-13 11:00:00,HostelArea,11,4,0,0,75
2026-02-13 11:00:00,MainBlock,11,4,0,0,86
2026-02-13 12:00:00,Library,12,4,0,0,62
2026-02-13 12:00:00,Gate3,12,4,0,0,85
2026-02-13 12:00:00,Cafeteria,12,4,0,0,94
2026-02-13 12:00:00,HostelArea,12,4,0,0,91
2026-02-13 12:00:00,MainBlock,12,4,0,0,123
2026-02-13 13:00:00,Library,13,4,0,0,124
2026-02-13 13:00:00,Gate3,13,4,0,0,120
2026-02-13 13:00:00,Cafeteria,13,4,0,0,103
2026-02-13 13:00:00,HostelArea,13,4,0,0,94
2026-02-13 13:00:00,MainBlock,13,4,0,0,73
2026-02-13 14:00:00,Library,14,4,0,0,126
2026-02-13 14:00:00,Gate3,14,4,0,0,98
2026-02-13 14:00:00,Cafeteria,14,4,0,0,111
2026-02-13 14:00:00,HostelArea,14,4,0,0,85
2026-02-13 14:00:00,MainBlock,14,4,0,0,99
2026-02-13 15:00:00,Library,15,4,0,0,59
2026-02-13 15:00:00,Gate3,15,4,0,0,56
2026-02-13 15:00:00,Cafeteria,15,4,0,0,54
2026-02-13 15:00:00,HostelArea,15,4,0,0,67
2026-02-13 15:00:00,MainBlock,15,4,0,0,57
2026-02-13 16:00:00,Library,16,4,0,0,70
2026-02-13 16:00:00,Gate3,16,4,0,0,65
2026-02-13 16:00:00,Cafeteria,16,4,0,0,42
2026-02-13 16:00:00,HostelArea,16,4,0,0,46
2026-02-13 16:00:00,MainBlock,16,4,0,0,70
2026-02-13 17:00:00,Library,17,4,0,0,76
2026-02-13 17:00:00,Gate3,17,4,0,0,149
2026-02-13 17:00:00,Cafeteria,17,4,0,0,100
2026-02-13 17:00:00,HostelArea,17,4,0,0,105
2026-02-13 17:00:00,MainBlock,17,4,0,0,85
2026-02-13 18:00:00,Library,18,4,0,0,99
2026-02-13 18:00:00,Gate3,18,4,0,0,47
2026-02-13 18:00:00,Cafeteria,18,4,0,0,104
2026-02-13 18:00:00,HostelArea,18,4,0,0,89
2026-02-13 18:00:00,MainBlock,18,4,0,0,83
2026-02-13 19:00:00,Library,19,4,0,0,18
2026-02-13 19:00:00,Gate3,19,4,0,0,28
2026-02-13 19:00:00,Cafeteria,19,4,0,0,18
2026-02-13 19:00:00,HostelArea,19,4,0,0,20
2026-02-13 19:00:00,MainBlock,19,4,0,0,13
2026-02-13 20:00:00,Library,20,4,0,0,19
2026-02-13 20:00:00,Gate3,20,4,0,0,16
2026-02-13 20:00:00,Cafeteria,20,4,0,0,26
2026-02-13 20:00:00,HostelArea,20,4,0,0,15
2026-02-13 20:00:00,MainBlock,20,4,0,0,21
2026-02-13 21:00:00,Library,21,4,0,0,16
2026-02-13 21:00:00,Gate3,21,4,0,0,20
2026-02-13 21:00:00,Cafeteria,21,4,0,0,17
2026-02-13 21:00:00,HostelArea,21,4,0,0,19
2026-02-13 21:00:00,MainBlock,21,4,0,0,20
2026-02-13 22:00:00,Library,22,4,0,0,29
2026-02-13 22:00:00,Gate3,22,4,0,0,15
2026-02-13 22:00:00,Cafeteria,22,4,0,0,21
2026-02-13 22:00:00,HostelArea,22,4,0,0,21
2026-02-13 22:00:00,MainBlock,22,4,0,0,27
2026-02-13 23:00:00,Library,23,4,0,0,48
2026-02-13 23:00:00,Gate3,23,4,0,0,22
2026-02-13 23:00:00,Cafeteria,23,4,0,0,22
2026-02-13 23:00:00,HostelArea,23,4,0,0,17
2026-02-13 23:00:00,MainBlock,23,4,0,0,25
2026-02-14 00:00:00,Library,0,5,0,0,4
2026-02-14 00:00:00,Gate3,0,5,0,0,11
2026-02-14 00:00:00,Cafeteria,0,5,0,0,6
2026-02-14 00:00:00,HostelArea,0,5,0,0,9
2026-02-14 00:00:00,MainBlock,0,5,0,0,8
2026-02-14 01:00:00,Library,1,5,0,0,7
2026-02-14 01:00:00,Gate3,1,5,0,0,10
2026-02-14 01:00:00,Cafeteria,1,5,0,0,7
2026-02-14 01:00:00,HostelArea,1,5,0,0,7
2026-02-14 01:00:00,MainBlock,1,5,0,0,9
2026-02-14 02:00:00,Library,2,5,0,0,11
2026-02-14 02:00:00,Gate3,2,5,0,0,8
2026-02-14 02:00:00,Cafeteria,2,5,0,0,7
2026-02-14 02:00:00,HostelArea,2,5,0,0,8
2026-02-14 02:00:00,MainBlock,2,5,0,0,8
2026-02-14 03:00:00,Library,3,5,0,0,7
2026-02-14 03:00:00,Gate3,3,5,0,0,8
2026-02-14 03:00:00,Cafeteria,3,5,0,0,8
2026-02-14 03:00:00,HostelArea,3,5,0,0,9
2026-02-14 03:00:00,MainBlock,3,5,0,0,4
2026-02-14 04:00:00,Library,4,5,0,0,7
2026-02-14 04:00:00,Gate3,4,5,0,0,5
2026-02-14 04:00:00,Cafeteria,4,5,0,0,7
2026-02-14 04:00:00,HostelArea,4,5,0,0,9
2026-02-14 04:00:00,MainBlock,4,5,0,0,8
2026-02-14 05:00:00,Library,5,5,0,0,8
2026-02-14 05:00:00,Gate3,5,5,0,0,4
2026-02-14 05:00:00,Cafeteria,5,5,0,0,5
2026-02-14 05:00:00,HostelArea,5,5,0,0,10
2026-02-14 05:00:00,MainBlock,5,5,0,0,5
2026-02-14 06:00:00,Library,6,5,0,0,9
2026-02-14 06:00:00,Gate3,6,5,0,0,6
2026-02-14 06:00:00,Cafeteria,6,5,0,0,7
2026-02-14 06:00:00,HostelArea,6,5,0,0,5
2026-02-14 06:00:00,MainBlock,6,5,0,0,6
2026-02-14 07:00:00,Library,7,5,0,0,6
2026-02-14 07:00:00,Gate3,7,5,0,0,7
2026-02-14 07:00:00,Cafeteria,7,5,0,0,5
2026-02-14 07:00:00,HostelArea,7,5,0,0,6
2026-02-14 07:00:00,MainBlock,7,5,0,0,5
2026-02-14 08:00:00,Library,8,5,0,0,23
2026-02-14 08:00:00,Gate3,8,5,0,0,23
2026-02-14 08:00:00,Cafeteria,8,5,0,0,19
2026-02-14 08:00:00,HostelArea,8,5,0,0,19
2026-02-14 08:00:00,MainBlock,8,5,0,0,21
2026-02-14 09:00:00,Library,9,5,0,0,15
2026-02-14 09:00:00,Gate3,9,5,0,0,34
2026-02-14 09:00:00,Cafeteria,9,5,0,0,25
2026-02-14 09:00:00,HostelArea,9,5,0,0,23
2026-02-14 09:00:00,MainBlock,9,5,0,0,23
2026-02-14 10:00:00,Library,10,5,0,0,21
2026-02-14 10:00:00,Gate3,10,5,0,0,19
2026-02-14 10:00:00,Cafeteria,10,5,0,0,20
2026-02-14 10:00:00,HostelArea,10,5,0,0,26
2026-02-14 10:00:00,MainBlock,10,5,0,0,22
2026-02-14 11:00:00,Library,11,5,0,0,33
2026-02-14 11:00:00,Gate3,11,5,0,0,25
2026-02-14 11:00:00,Cafeteria,11,5,0,0,26
2026-02-14 11:00:00,HostelArea,11,5,0,0,30
2026-02-14 11:00:00,MainBlock,11,5,0,0,19
2026-02-14 12:00:00,Library,12,5,0,0,28
2026-02-14 12:00:00,Gate3,12,5,0,0,38
2026-02-14 12:00:00,Cafeteria,12,5,0,0,30
2026-02-14 12:00:00,HostelArea,12,5,0,0,43
2026-02-14 12:00:00,MainBlock,12,5,0,0,28
2026-02-14 13:00:00,Library,13,5,0,0,49
2026-02-14 13:00:00,Gate3,13,5,0,0,28
2026-02-14 13:00:00,Cafeteria,13,5,0,0,38
2026-02-14 13:00:00,HostelArea,13,5,0,0,37
2026-02-14 13:00:00,MainBlock,13,5,0,0,50
2026-02-14 14:00:00,Library,14,5,0,0,41
2026-02-14 14:00:00,Gate3,14,5,0,0,47
2026-02-14 14:00:00,Cafeteria,14,5,0,0,46
2026-02-14 14:00:00,HostelArea,14,5,0,0,45
2026-02-14 14:00:00,MainBlock,14,5,0,0,50
2026-02-14 15:00:00,Library,15,5,0,0,21
2026-02-14 15:00:00,Gate3,15,5,0,0,25
2026-02-14 15:00:00,Cafeteria,15,5,0,0,19
2026-02-14 15:00:00,HostelArea,15,5,0,0,27
2026-02-14 15:00:00,MainBlock,15,5,0,0,19
2026-02-14 16:00:00,Library,16,5,0,0,18
2026-02-14 16:00:00,Gate3,16,5,0,0,19
2026-02-14 16:00:00,Cafeteria,16,5,0,0,25
2026-02-14 16:00:00,HostelArea,16,5,0,0,21
2026-02-14 16:00:00,MainBlock,16,5,0,0,31
2026-02-14 17:00:00,Library,17,5,0,0,53
2026-02-14 17:00:00,Gate3,17,5,0,0,51
2026-02-14 17:00:00,Cafeteria,17,5,0,0,38
2026-02-14 17:00:00,HostelArea,17,5,0,0,36
2026-02-14 17:00:00,MainBlock,17,5,0,0,37
2026-02-14 18:00:00,Library,18,5,0,0,24
2026-02-14 18:00:00,Gate3,18,5,0,0,32
2026-02-14 18:00:00,Cafeteria,18,5,0,0,38
2026-02-14 18:00:00,HostelArea,18,5,0,0,54
2026-02-14 18:00:00,MainBlock,18,5,0,0,34
2026-02-14 19:00:00,Library,19,5,0,0,6
2026-02-14 19:00:00,Gate3,19,5,0,0,6
2026-02-14 19:00:00,Cafeteria,19,5,0,0,10
2026-02-14 19:00:00,HostelArea,19,5,0,0,7
2026-02-14 19:00:00,MainBlock,19,5,0,0,9
2026-02-14 20:00:00,Library,20,5,0,0,10
2026-02-14 20:00:00,Gate3,20,5,0,0,9
2026-02-14 20:00:00,Cafeteria,20,5,0,0,7
2026-02-14 20:00:00,HostelArea,20,5,0,0,9
2026-02-14 20:00:00,MainBlock,20,5,0,0,5
2026-02-14 21:00:00,Library,21,5,0,0,7
2026-02-14 21:00:00,Gate3,21,5,0,0,10
2026-02-14 21:00:00,Cafeteria,21,5,0,0,7
2026-02-14 21:00:00,HostelArea,21,5,0,0,10
2026-02-14 21:00:00,MainBlock,21,5,0,0,8
2026-02-14 22:00:00,Library,22,5,0,0,15
2026-02-14 22:00:00,Gate3,22,5,0,0,6
2026-02-14 22:00:00,Cafeteria,22,5,0,0,6
2026-02-14 22:00:00,HostelArea,22,5,0,0,8
2026-02-14 22:00:00,MainBlock,22,5,0,0,7
2026-02-14 23:00:00,Library,23,5,0,0,10
2026-02-14 23:00:00,Gate3,23,5,0,0,7
2026-02-14 23:00:00,Cafeteria,23,5,0,0,9
2026-02-14 23:00:00,HostelArea,23,5,0,0,7
2026-02-14 23:00:00,MainBlock,23,5,0,0,8
2026-02-15 00:00:00,Library,0,6,0,1,6
2026-02-15 00:00:00,Gate3,0,6,0,1,5
2026-02-15 00:00:00,Cafeteria,0,6,0,1,4
2026-02-15 00:00:00,HostelArea,0,6,0,1,5
2026-02-15 00:00:00,MainBlock,0,6,0,1,5
2026-02-15 01:00:00,Library,1,6,0,1,5
2026-02-15 01:00:00,Gate3,1,6,0,1,3
2026-02-15 01:00:00,Cafeteria,1,6,0,1,5
2026-02-15 01:00:00,HostelArea,1,6,0,1,5
2026-02-15 01:00:00,MainBlock,1,6,0,1,6
2026-02-15 02:00:00,Library,2,6,0,1,5
2026-02-15 02:00:00,Gate3,2,6,0,1,6
2026-02-15 02:00:00,Cafeteria,2,6,0,1,5
2026-02-15 02:00:00,HostelArea,2,6,0,1,5
2026-02-15 02:00:00,MainBlock,2,6,0,1,5
2026-02-15 03:00:00,Library,3,6,0,1,6
2026-02-15 03:00:00,Gate3,3,6,0,1,5
2026-02-15 03:00:00,Cafeteria,3,6,0,1,7
2026-02-15 03:00:00,HostelArea,3,6,0,1,6
2026-02-15 03:00:00,MainBlock,3,6,0,1,6
2026-02-15 04:00:00,Library,4,6,0,1,5
2026-02-15 04:00:00,Gate3,4,6,0,1,5
2026-02-15 04:00:00,Cafeteria,4,6,0,1,5
2026-02-15 04:00:00,HostelArea,4,6,0,1,4
2026-02-15 04:00:00,MainBlock,4,6,0,1,6
2026-02-15 05:00:00,Library,5,6,0,1,5
2026-02-15 05:00:00,Gate3,5,6,0,1,5
2026-02-15 05:00:00,Cafeteria,5,6,0,1,5
2026-02-15 05:00:00,HostelArea,5,6,0,1,8
2026-02-15 05:00:00,MainBlock,5,6,0,1,6
2026-02-15 06:00:00,Library,6,6,0,1,7
2026-02-15 06:00:00,Gate3,6,6,0,1,5
2026-02-15 06:00:00,Cafeteria,6,6,0,1,7
2026-02-15 06:00:00,HostelArea,6,6,0,1,6
2026-02-15 06:00:00,MainBlock,6,6,0,1,5
2026-02-15 07:00:00,Library,7,6,0,1,5
2026-02-15 07:00:00,Gate3,7,6,0,1,5
2026-02-15 07:00:00,Cafeteria,7,6,0,1,6
2026-02-15 07:00:00,HostelArea,7,6,0,1,5
2026-02-15 07:00:00,MainBlock,7,6,0,1,3
2026-02-15 08:00:00,Library,8,6,0,1,15
2026-02-15 08:00:00,Gate3,8,6,0,1,17
2026-02-15 08:00:00,Cafeteria,8,6,0,1,15
2026-02-15 08:00:00,HostelArea,8,6,0,1,19
2026-02-15 08:00:00,MainBlock,8,6,0,1,16
2026-02-15 09:00:00,Library,9,6,0,1,14
2026-02-15 09:00:00,Gate3,9,6,0,1,25
2026-02-15 09:00:00,Cafeteria,9,6,0,1,18
2026-02-15 09:00:00,HostelArea,9,6,0,1,18
2026-02-15 09:00:00,MainBlock,9,6,0,1,17
2026-02-15 10:00:00,Library,10,6,0,1,13
2026-02-15 10:00:00,Gate3,10,6,0,1,16
2026-02-15 10:00:00,Cafeteria,10,6,0,1,16
2026-02-15 10:00:00,HostelArea,10,6,0,1,17
2026-02-15 10:00:00,MainBlock,10,6,0,1,17
2026-02-15 11:00:00,Library,11,6,0,1,18
2026-02-15 11:00:00,Gate3,11,6,0,1,18
2026-02-15 11:00:00,Cafeteria,11,6,0,1,15
2026-02-15 11:00:00,HostelArea,11,6,0,1,13
2026-02-15 11:00:00,MainBlock,11,6,0,1,21
2026-02-15 12:00:00,Library,12,6,0,1,27
2026-02-15 12:00:00,Gate3,12,6,0,1,34
2026-02-15 12:00:00,Cafeteria,12,6,0,1,30
2026-02-15 12:00:00,HostelArea,12,6,0,1,22
2026-02-15 12:00:00,MainBlock,12,6,0,1,31
2026-02-15 13:00:00,Library,13,6,0,1,21
2026-02-15 13:00:00,Gate3,13,6,0,1,35
2026-02-15 13:00:00,Cafeteria,13,6,0,1,31
2026-02-15 13:00:00,HostelArea,13,6,0,1,31
2026-02-15 13:00:00,MainBlock,13,6,0,1,23
2026-02-15 14:00:00,Library,14,6,0,1,35
2026-02-15 14:00:00,Gate3,14,6,0,1,29
2026-02-15 14:00:00,Cafeteria,14,6,0,1,35
2026-02-15 14:00:00,HostelArea,14,6,0,1,27
2026-02-15 14:00:00,MainBlock,14,6,0,1,30
2026-02-15 15:00:00,Library,15,6,0,1,15
2026-02-15 15:00:00,Gate3,15,6,0,1,18
2026-02-15 15:00:00,Cafeteria,15,6,0,1,22
2026-02-15 15:00:00,HostelArea,15,6,0,1,17
2026-02-15 15:00:00,MainBlock,15,6,0,1,11
2026-02-15 16:00:00,Library,16,6,0,1,16
2026-02-15 16:00:00,Gate3,16,6,0,1,8
2026-02-15 16:00:00,Cafeteria,16,6,0,1,20
2026-02-15 16:00:00,HostelArea,16,6,0,1,16
2026-02-15 16:00:00,MainBlock,16,6,0,1,17
2026-02-15 17:00:00,Library,17,6,0,1,28
2026-02-15 17:00:00,Gate3,17,6,0,1,51
2026-02-15 17:00:00,Cafeteria,17,6,0,1,23
2026-02-15 17:00:00,HostelArea,17,6,0,1,23
2026-02-15 17:00:00,MainBlock,17,6,0,1,33
2026-02-15 18:00:00,Library,18,6,0,1,27
2026-02-15 18:00:00,Gate3,18,6,0,1,28
2026-02-15 18:00:00,Cafeteria,18,6,0,1,33
2026-02-15 18:00:00,HostelArea,18,6,0,1,29
2026-02-15 18:00:00,MainBlock,18,6,0,1,42
2026-02-15 19:00:00,Library,19,6,0,1,6
2026-02-15 19:00:00,Gate3,19,6,0,1,7
2026-02-15 19:00:00,Cafeteria,19,6,0,1,6
2026-02-15 19:00:00,HostelArea,19,6,0,1,4
2026-02-15 19:00:00,MainBlock,19,6,0,1,6
2026-02-15 20:00:00,Library,20,6,0,1,6
2026-02-15 20:00:00,Gate3,20,6,0,1,5
2026-02-15 20:00:00,Cafeteria,20,6,0,1,6
2026-02-15 20:00:00,HostelArea,20,6,0,1,5
2026-02-15 20:00:00,MainBlock,20,6,0,1,4
2026-02-15 21:00:00,Library,21,6,0,1,6
2026-02-15 21:00:00,Gate3,21,6,0,1,5
2026-02-15 21:00:00,Cafeteria,21,6,0,1,5
2026-02-15 21:00:00,HostelArea,21,6,0,1,5
2026-02-15 21:00:00,MainBlock,21,6,0,1,4
2026-02-15 22:00:00,Library,22,6,0,1,17
2026-02-15 22:00:00,Gate3,22,6,0,1,5
2026-02-15 22:00:00,Cafeteria,22,6,0,1,7
2026-02-15 22:00:00,HostelArea,22,6,0,1,6
2026-02-15 22:00:00,MainBlock,22,6,0,1,6
2026-02-15 23:00:00,Library,23,6,0,1,9
2026-02-15 23:00:00,Gate3,23,6,0,1,6
2026-02-15 23:00:00,Cafeteria,23,6,0,1,5
2026-02-15 23:00:00,HostelArea,23,6,0,1,5
2026-02-15 23:00:00,MainBlock,23,6,0,1,5
2026-02-16 00:00:00,Library,0,0,0,1,13
2026-02-16 00:00:00,Gate3,0,0,0,1,10
2026-02-16 00:00:00,Cafeteria,0,0,0,1,8
2026-02-16 00:00:00,HostelArea,0,0,0,1,9
2026-02-16 00:00:00,MainBlock,0,0,0,1,14
2026-02-16 01:00:00,Library,1,0,0,1,12
2026-02-16 01:00:00,Gate3,1,0,0,1,16
2026-02-16 01:00:00,Cafeteria,1,0,0,1,15
2026-02-16 01:00:00,HostelArea,1,0,0,1,10
2026-02-16 01:00:00,MainBlock,1,0,0,1,10
2026-02-16 02:00:00,Library,2,0,0,1,12
2026-02-16 02:00:00,Gate3,2,0,0,1,17
2026-02-16 02:00:00,Cafeteria,2,0,0,1,11
2026-02-16 02:00:00,HostelArea,2,0,0,1,14
2026-02-16 02:00:00,MainBlock,2,0,0,1,10
2026-02-16 03:00:00,Library,3,0,0,1,12
2026-02-16 03:00:00,Gate3,3,0,0,1,15
2026-02-16 03:00:00,Cafeteria,3,0,0,1,16
2026-02-16 03:00:00,HostelArea,3,0,0,1,13
2026-02-16 03:00:00,MainBlock,3,0,0,1,13
2026-02-16 04:00:00,Library,4,0,0,1,17
2026-02-16 04:00:00,Gate3,4,0,0,1,14
2026-02-16 04:00:00,Cafeteria,4,0,0,1,13
2026-02-16 04:00:00,HostelArea,4,0,0,1,14
2026-02-16 04:00:00,MainBlock,4,0,0,1,11
2026-02-16 05:00:00,Library,5,0,0,1,16
2026-02-16 05:00:00,Gate3,5,0,0,1,16
2026-02-16 05:00:00,Cafeteria,5,0,0,1,18
2026-02-16 05:00:00,HostelArea,5,0,0,1,13
2026-02-16 05:00:00,MainBlock,5,0,0,1,13
2026-02-16 06:00:00,Library,6,0,0,1,17
2026-02-16 06:00:00,Gate3,6,0,0,1,16
2026-02-16 06:00:00,Cafeteria,6,0,0,1,11
2026-02-16 06:00:00,HostelArea,6,0,0,1,14
2026-02-16 06:00:00,MainBlock,6,0,0,1,15
2026-02-16 07:00:00,Library,7,0,0,1,10
2026-02-16 07:00:00,Gate3,7,0,0,1,17
2026-02-16 07:00:00,Cafeteria,7,0,0,1,15
2026-02-16 07:00:00,HostelArea,7,0,0,1,16
2026-02-16 07:00:00,MainBlock,7,0,0,1,15
2026-02-16 08:00:00,Library,8,0,0,1,31
2026-02-16 08:00:00,Gate3,8,0,0,1,33
2026-02-16 08:00:00,Cafeteria,8,0,0,1,43
2026-02-16 08:00:00,HostelArea,8,0,0,1,45
2026-02-16 08:00:00,MainBlock,8,0,0,1,40
2026-02-16 09:00:00,Library,9,0,0,1,51
2026-02-16 09:00:00,Gate3,9,0,0,1,49
2026-02-16 09:00:00,Cafeteria,9,0,0,1,38
2026-02-16 09:00:00,HostelArea,9,0,0,1,32
2026-02-16 09:00:00,MainBlock,9,0,0,1,38
2026-02-16 10:00:00,Library,10,0,0,1,39
2026-02-16 10:00:00,Gate3,10,0,0,1,40
2026-02-16 10:00:00,Cafeteria,10,0,0,1,48
2026-02-16 10:00:00,HostelArea,10,0,0,1,48
2026-02-16 10:00:00,MainBlock,10,0,0,1,37
2026-02-16 11:00:00,Library,11,0,0,1,55
2026-02-16 11:00:00,Gate3,11,0,0,1,54
2026-02-16 11:00:00,Cafeteria,11,0,0,1,44
2026-02-16 11:00:00,HostelArea,11,0,0,1,38
2026-02-16 11:00:00,MainBlock,11,0,0,1,31
2026-02-16 12:00:00,Library,12,0,0,1,93
2026-02-16 12:00:00,Gate3,12,0,0,1,80
2026-02-16 12:00:00,Cafeteria,12,0,0,1,80
2026-02-16 12:00:00,HostelArea,12,0,0,1,59
2026-02-16 12:00:00,MainBlock,12,0,0,1,86
2026-02-16 13:00:00,Library,13,0,0,1,68
2026-02-16 13:00:00,Gate3,13,0,0,1,102
2026-02-16 13:00:00,Cafeteria,13,0,0,1,82
2026-02-16 13:00:00,HostelArea,13,0,0,1,55
2026-02-16 13:00:00,MainBlock,13,0,0,1,68
2026-02-16 14:00:00,Library,14,0,0,1,80
2026-02-16 14:00:00,Gate3,14,0,0,1,90
2026-02-16 14:00:00,Cafeteria,14,0,0,1,59
2026-02-16 14:00:00,HostelArea,14,0,0,1,70
2026-02-16 14:00:00,MainBlock,14,0,0,1,83
2026-02-16 15:00:00,Library,15,0,0,1,48
2026-02-16 15:00:00,Gate3,15,0,0,1,42
2026-02-16 15:00:00,Cafeteria,15,0,0,1,45
2026-02-16 15:00:00,HostelArea,15,0,0,1,51
2026-02-16 15:00:00,MainBlock,15,0,0,1,57
2026-02-16 16:00:00,Library,16,0,0,1,38
2026-02-16 16:00:00,Gate3,16,0,0,1,56
2026-02-16 16:00:00,Cafeteria,16,0,0,1,47
2026-02-16 16:00:00,HostelArea,16,0,0,1,44
2026-02-16 16:00:00,MainBlock,16,0,0,1,50
2026-02-16 17:00:00,Library,17,0,0,1,73
2026-02-16 17:00:00,Gate3,17,0,0,1,117
2026-02-16 17:00:00,Cafeteria,17,0,0,1,39
2026-02-16 17:00:00,HostelArea,17,0,0,1,72
2026-02-16 17:00:00,MainBlock,17,0,0,1,88
2026-02-16 18:00:00,Library,18,0,0,1,60
2026-02-16 18:00:00,Gate3,18,0,0,1,66
2026-02-16 18:00:00,Cafeteria,18,0,0,1,92
2026-02-16 18:00:00,HostelArea,18,0,0,1,77
2026-02-16 18:00:00,MainBlock,18,0,0,1,75
2026-02-16 19:00:00,Library,19,0,0,1,8
2026-02-16 19:00:00,Gate3,19,0,0,1,15
2026-02-16 19:00:00,Cafeteria,19,0,0,1,18
2026-02-16 19:00:00,HostelArea,19,0,0,1,15
2026-02-16 19:00:00,MainBlock,19,0,0,1,14
2026-02-16 20:00:00,Library,20,0,0,1,15
2026-02-16 20:00:00,Gate3,20,0,0,1,9
2026-02-16 20:00:00,Cafeteria,20,0,0,1,17
2026-02-16 20:00:00,HostelArea,20,0,0,1,8
2026-02-16 20:00:00,MainBlock,20,0,0,1,10
2026-02-16 21:00:00,Library,21,0,0,1,16
2026-02-16 21:00:00,Gate3,21,0,0,1,14
2026-02-16 21:00:00,Cafeteria,21,0,0,1,9
2026-02-16 21:00:00,HostelArea,21,0,0,1,16
2026-02-16 21:00:00,MainBlock,21,0,0,1,14
2026-02-16 22:00:00,Library,22,0,0,1,29
2026-02-16 22:00:00,Gate3,22,0,0,1,13
2026-02-16 22:00:00,Cafeteria,22,0,0,1,14
2026-02-16 22:00:00,HostelArea,22,0,0,1,5
2026-02-16 22:00:00,MainBlock,22,0,0,1,15
2026-02-16 23:00:00,Library,23,0,0,1,21
2026-02-16 23:00:00,Gate3,23,0,0,1,11
2026-02-16 23:00:00,Cafeteria,23,0,0,1,15
2026-02-16 23:00:00,HostelArea,23,0,0,1,11
2026-02-16 23:00:00,MainBlock,23,0,0,1,9
2026-02-17 00:00:00,Library,0,1,0,0,19
2026-02-17 00:00:00,Gate3,0,1,0,0,20
2026-02-17 00:00:00,Cafeteria,0,1,0,0,20
2026-02-17 00:00:00,HostelArea,0,1,0,0,17
2026-02-17 00:00:00,MainBlock,0,1,0,0,23
2026-02-17 01:00:00,Library,1,1,0,0,14
2026-02-17 01:00:00,Gate3,1,1,0,0,25
2026-02-17 01:00:00,Cafeteria,1,1,0,0,17
2026-02-17 01:00:00,HostelArea,1,1,0,0,21
2026-02-17 01:00:00,MainBlock,1,1,0,0,21
2026-02-17 02:00:00,Library,2,1,0,0,22
2026-02-17 02:00:00,Gate3,2,1,0,0,20
2026-02-17 02:00:00,Cafeteria,2,1,0,0,21
2026-02-17 02:00:00,HostelArea,2,1,0,0,28
2026-02-17 02:00:00,MainBlock,2,1,0,0,16
2026-02-17 03:00:00,Library,3,1,0,0,19
2026-02-17 03:00:00,Gate3,3,1,0,0,14
2026-02-17 03:00:00,Cafeteria,3,1,0,0,16
2026-02-17 03:00:00,HostelArea,3,1,0,0,17
2026-02-17 03:00:00,MainBlock,3,1,0,0,24
2026-02-17 04:00:00,Library,4,1,0,0,19
2026-02-17 04:00:00,Gate3,4,1,0,0,21
2026-02-17 04:00:00,Cafeteria,4,1,0,0,21
2026-02-17 04:00:00,HostelArea,4,1,0,0,10
2026-02-17 04:00:00,MainBlock,4,1,0,0,19
2026-02-17 05:00:00,Library,5,1,0,0,21
2026-02-17 05:00:00,Gate3,5,1,0,0,19
2026-02-17 05:00:00,Cafeteria,5,1,0,0,12
2026-02-17 05:00:00,HostelArea,5,1,0,0,23
2026-02-17 05:00:00,MainBlock,5,1,0,0,21
2026-02-17 06:00:00,Library,6,1,0,0,19
2026-02-17 06:00:00,Gate3,6,1,0,0,12
2026-02-17 06:00:00,Cafeteria,6,1,0,0,13
2026-02-17 06:00:00,HostelArea,6,1,0,0,28
2026-02-17 06:00:00,MainBlock,6,1,0,0,18
2026-02-17 07:00:00,Library,7,1,0,0,20
2026-02-17 07:00:00,Gate3,7,1,0,0,22
2026-02-17 07:00:00,Cafeteria,7,1,0,0,18
2026-02-17 07:00:00,HostelArea,7,1,0,0,28
2026-02-17 07:00:00,MainBlock,7,1,0,0,22
2026-02-17 08:00:00,Library,8,1,0,0,56
2026-02-17 08:00:00,Gate3,8,1,0,0,67
2026-02-17 08:00:00,Cafeteria,8,1,0,0,55
2026-02-17 08:00:00,HostelArea,8,1,0,0,70
2026-02-17 08:00:00,MainBlock,8,1,0,0,72
2026-02-17 09:00:00,Library,9,1,0,0,41
2026-02-17 09:00:00,Gate3,9,1,0,0,91
2026-02-17 09:00:00,Cafeteria,9,1,0,0,53
2026-02-17 09:00:00,HostelArea,9,1,0,0,52
2026-02-17 09:00:00,MainBlock,9,1,0,0,42
2026-02-17 10:00:00,Library,10,1,0,0,41
2026-02-17 10:00:00,Gate3,10,1,0,0,78
2026-02-17 10:00:00,Cafeteria,10,1,0,0,52
2026-02-17 10:00:00,HostelArea,10,1,0,0,79
2026-02-17 10:00:00,MainBlock,10,1,0,0,41
2026-02-17 11:00:00,Library,11,1,0,0,54
2026-02-17 11:00:00,Gate3,11,1,0,0,62
2026-02-17 11:00:00,Cafeteria,11,1,0,0,38
2026-02-17 11:00:00,HostelArea,11,1,0,0,60
2026-02-17 11:00:00,MainBlock,11,1,0,0,50
2026-02-17 12:00:00,Library,12,1,0,0,98
2026-02-17 12:00:00,Gate3,12,1,0,0,101
2026-02-17 12:00:00,Cafeteria,12,1,0,0,125
2026-02-17 12:00:00,HostelArea,12,1,0,0,106
2026-02-17 12:00:00,MainBlock,12,1,0,0,68
2026-02-17 13:00:00,Library,13,1,0,0,111
2026-02-17 13:00:00,Gate3,13,1,0,0,62
2026-02-17 13:00:00,Cafeteria,13,1,0,0,79
2026-02-17 13:00:00,HostelArea,13,1,0,0,141
2026-02-17 13:00:00,MainBlock,13,1,0,0,69
2026-02-17 14:00:00,Library,14,1,0,0,100
2026-02-17 14:00:00,Gate3,14,1,0,0,102
2026-02-17 14:00:00,Cafeteria,14,1,0,0,73
2026-02-17 14:00:00,HostelArea,14,1,0,0,112
2026-02-17 14:00:00,MainBlock,14,1,0,0,120
2026-02-17 15:00:00,Library,15,1,0,0,67
2026-02-17 15:00:00,Gate3,15,1,0,0,51
2026-02-17 15:00:00,Cafeteria,15,1,0,0,26
2026-02-17 15:00:00,HostelArea,15,1,0,0,69
2026-02-17 15:00:00,MainBlock,15,1,0,0,45
2026-02-17 16:00:00,Library,16,1,0,0,69
2026-02-17 16:00:00,Gate3,16,1,0,0,61
2026-02-17 16:00:00,Cafeteria,16,1,0,0,74
2026-02-17 16:00:00,HostelArea,16,1,0,0,76
2026-02-17 16:00:00,MainBlock,16,1,0,0,41
2026-02-17 17:00:00,Library,17,1,0,0,98
2026-02-17 17:00:00,Gate3,17,1,0,0,142
2026-02-17 17:00:00,Cafeteria,17,1,0,0,96
2026-02-17 17:00:00,HostelArea,17,1,0,0,98
2026-02-17 17:00:00,MainBlock,17,1,0,0,100
2026-02-17 18:00:00,Library,18,1,0,0,94
2026-02-17 18:00:00,Gate3,18,1,0,0,59
2026-02-17 18:00:00,Cafeteria,18,1,0,0,96
2026-02-17 18:00:00,HostelArea,18,1,0,0,79
2026-02-17 18:00:00,MainBlock,18,1,0,0,109
2026-02-17 19:00:00,Library,19,1,0,0,20
2026-02-17 19:00:00,Gate3,19,1,0,0,23
2026-02-17 19:00:00,Cafeteria,19,1,0,0,23
2026-02-17 19:00:00,HostelArea,19,1,0,0,23
2026-02-17 19:00:00,MainBlock,19,1,0,0,17
2026-02-17 20:00:00,Library,20,1,0,0,16
2026-02-17 20:00:00,Gate3,20,1,0,0,18
2026-02-17 20:00:00,Cafeteria,20,1,0,0,21
2026-02-17 20:00:00,HostelArea,20,1,0,0,23
2026-02-17 20:00:00,MainBlock,20,1,0,0,18
2026-02-17 21:00:00,Library,21,1,0,0,20
2026-02-17 21:00:00,Gate3,21,1,0,0,18
2026-02-17 21:00:00,Cafeteria,21,1,0,0,22
2026-02-17 21:00:00,HostelArea,21,1,0,0,21
2026-02-17 21:00:00,MainBlock,21,1,0,0,22
2026-02-17 22:00:00,Library,22,1,0,0,40
2026-02-17 22:00:00,Gate3,22,1,0,0,25
2026-02-17 22:00:00,Cafeteria,22,1,0,0,18
2026-02-17 22:00:00,HostelArea,22,1,0,0,15
2026-02-17 22:00:00,MainBlock,22,1,0,0,17
2026-02-17 23:00:00,Library,23,1,0,0,51
2026-02-17 23:00:00,Gate3,23,1,0,0,22
2026-02-17 23:00:00,Cafeteria,23,1,0,0,21
2026-02-17 23:00:00,HostelArea,23,1,0,0,25
2026-02-17 23:00:00,MainBlock,23,1,0,0,25
2026-02-18 00:00:00,Library,0,2,0,1,8
2026-02-18 00:00:00,Gate3,0,2,0,1,12
2026-02-18 00:00:00,Cafeteria,0,2,0,1,9
2026-02-18 00:00:00,HostelArea,0,2,0,1,14
2026-02-18 00:00:00,MainBlock,0,2,0,1,14
2026-02-18 01:00:00,Library,1,2,0,1,14
2026-02-18 01:00:00,Gate3,1,2,0,1,12
2026-02-18 01:00:00,Cafeteria,1,2,0,1,14
2026-02-18 01:00:00,HostelArea,1,2,0,1,11
2026-02-18 01:00:00,MainBlock,1,2,0,1,15
2026-02-18 02:00:00,Library,2,2,0,1,13
2026-02-18 02:00:00,Gate3,2,2,0,1,10
2026-02-18 02:00:00,Cafeteria,2,2,0,1,11
2026-02-18 02:00:00,HostelArea,2,2,0,1,13
2026-02-18 02:00:00,MainBlock,2,2,0,1,11
2026-02-18 03:00:00,Library,3,2,0,1,12
2026-02-18 03:00:00,Gate3,3,2,0,1,14
2026-02-18 03:00:00,Cafeteria,3,2,0,1,13
2026-02-18 03:00:00,HostelArea,3,2,0,1,15
2026-02-18 03:00:00,MainBlock,3,2,0,1,16
2026-02-18 04:00:00,Library,4,2,0,1,9
2026-02-18 04:00:00,Gate3,4,2,0,1,15
2026-02-18 04:00:00,Cafeteria,4,2,0,1,16
2026-02-18 04:00:00,HostelArea,4,2,0,1,13
2026-02-18 04:00:00,MainBlock,4,2,0,1,13
2026-02-18 05:00:00,Library,5,2,0,1,13
2026-02-18 05:00:00,Gate3,5,2,0,1,8
2026-02-18 05:00:00,Cafeteria,5,2,0,1,14
2026-02-18 05:00:00,HostelArea,5,2,0,1,17
2026-02-18 05:00:00,MainBlock,5,2,0,1,16
2026-02-18 06:00:00,Library,6,2,0,1,15
2026-02-18 06:00:00,Gate3,6,2,0,1,13
2026-02-18 06:00:00,Cafeteria,6,2,0,1,17
2026-02-18 06:00:00,HostelArea,6,2,0,1,19
2026-02-18 06:00:00,MainBlock,6,2,0,1,11
2026-02-18 07:00:00,Library,7,2,0,1,16
2026-02-18 07:00:00,Gate3,7,2,0,1,16
2026-02-18 07:00:00,Cafeteria,7,2,0,1,13
2026-02-18 07:00:00,HostelArea,7,2,0,1,9
2026-02-18 07:00:00,MainBlock,7,2,0,1,11
2026-02-18 08:00:00,Library,8,2,0,1,48
2026-02-18 08:00:00,Gate3,8,2,0,1,60
2026-02-18 08:00:00,Cafeteria,8,2,0,1,54
2026-02-18 08:00:00,HostelArea,8,2,0,1,43
2026-02-18 08:00:00,MainBlock,8,2,0,1,42
2026-02-18 09:00:00,Library,9,2,0,1,27
2026-02-18 09:00:00,Gate3,9,2,0,1,77
2026-02-18 09:00:00,Cafeteria,9,2,0,1,34
2026-02-18 09:00:00,HostelArea,9,2,0,1,47
2026-02-18 09:00:00,MainBlock,9,2,0,1,54
2026-02-18 10:00:00,Library,10,2,0,1,38
2026-02-18 10:00:00,Gate3,10,2,0,1,36
2026-02-18 10:00:00,Cafeteria,10,2,0,1,41
2026-02-18 10:00:00,HostelArea,10,2,0,1,43
2026-02-18 10:00:00,MainBlock,10,2,0,1,42
2026-02-18 11:00:00,Library,11,2,0,1,57
2026-02-18 11:00:00,Gate3,11,2,0,1,50
2026-02-18 11:00:00,Cafeteria,11,2,0,1,54
2026-02-18 11:00:00,HostelArea,11,2,0,1,43
2026-02-18 11:00:00,MainBlock,11,2,0,1,51
2026-02-18 12:00:00,Library,12,2,0,1,73
2026-02-18 12:00:00,Gate3,12,2,0,1,87
2026-02-18 12:00:00,Cafeteria,12,2,0,1,71
2026-02-18 12:00:00,HostelArea,12,2,0,1,78
2026-02-18 12:00:00,MainBlock,12,2,0,1,83
2026-02-18 13:00:00,Library,13,2,0,1,74
2026-02-18 13:00:00,Gate3,13,2,0,1,61
2026-02-18 13:00:00,Cafeteria,13,2,0,1,97
2026-02-18 13:00:00,HostelArea,13,2,0,1,93
2026-02-18 13:00:00,MainBlock,13,2,0,1,59
2026-02-18 14:00:00,Library,14,2,0,1,83
2026-02-18 14:00:00,Gate3,14,2,0,1,73
2026-02-18 14:00:00,Cafeteria,14,2,0,1,69
2026-02-18 14:00:00,HostelArea,14,2,0,1,72
2026-02-18 14:00:00,MainBlock,14,2,0,1,41
2026-02-18 15:00:00,Library,15,2,0,1,28
2026-02-18 15:00:00,Gate3,15,2,0,1,44
2026-02-18 15:00:00,Cafeteria,15,2,0,1,45
2026-02-18 15:00:00,HostelArea,15,2,0,1,37
2026-02-18 15:00:00,MainBlock,15,2,0,1,42
2026-02-18 16:00:00,Library,16,2,0,1,45
2026-02-18 16:00:00,Gate3,16,2,0,1,40
2026-02-18 16:00:00,Cafeteria,16,2,0,1,46
2026-02-18 16:00:00,HostelArea,16,2,0,1,58
2026-02-18 16:00:00,MainBlock,16,2,0,1,43
2026-02-18 17:00:00,Library,17,2,0,1,64
2026-02-18 17:00:00,Gate3,17,2,0,1,79
2026-02-18 17:00:00,Cafeteria,17,2,0,1,68
2026-02-18 17:00:00,HostelArea,17,2,0,1,56
2026-02-18 17:00:00,MainBlock,17,2,0,1,62
2026-02-18 18:00:00,Library,18,2,0,1,89
2026-02-18 18:00:00,Gate3,18,2,0,1,86
2026-02-18 18:00:00,Cafeteria,18,2,0,1,54
2026-02-18 18:00:00,HostelArea,18,2,0,1,87
2026-02-18 18:00:00,MainBlock,18,2,0,1,72
2026-02-18 19:00:00,Library,19,2,0,1,15
2026-02-18 19:00:00,Gate3,19,2,0,1,15
2026-02-18 19:00:00,Cafeteria,19,2,0,1,13
2026-02-18 19:00:00,HostelArea,19,2,0,1,12
2026-02-18 19:00:00,MainBlock,19,2,0,1,8
2026-02-18 20:00:00,Library,20,2,0,1,11
2026-02-18 20:00:00,Gate3,20,2,0,1,11
2026-02-18 20:00:00,Cafeteria,20,2,0,1,12
2026-02-18 20:00:00,HostelArea,20,2,0,1,18
2026-02-18 20:00:00,MainBlock,20,2,0,1,13
2026-02-18 21:00:00,Library,21,2,0,1,18
2026-02-18 21:00:00,Gate3,21,2,0,1,11
2026-02-18 21:00:00,Cafeteria,21,2,0,1,10
2026-02-18 21:00:00,HostelArea,21,2,0,1,16
2026-02-18 21:00:00,MainBlock,21,2,0,1,13
2026-02-18 22:00:00,Library,22,2,0,1,26
2026-02-18 22:00:00,Gate3,22,2,0,1,10
2026-02-18 22:00:00,Cafeteria,22,2,0,1,15
2026-02-18 22:00:00,HostelArea,22,2,0,1,16
2026-02-18 22:00:00,MainBlock,22,2,0,1,11
2026-02-18 23:00:00,Library,23,2,0,1,29
2026-02-18 23:00:00,Gate3,23,2,0,1,16
2026-02-18 23:00:00,Cafeteria,23,2,0,1,13
2026-02-18 23:00:00,HostelArea,23,2,0,1,15
2026-02-18 23:00:00,MainBlock,23,2,0,1,11
2026-02-19 00:00:00,Library,0,3,1,0,28
2026-02-19 00:00:00,Gate3,0,3,1,0,19
2026-02-19 00:00:00,Cafeteria,0,3,1,0,17
2026-02-19 00:00:00,HostelArea,0,3,1,0,17
2026-02-19 00:00:00,MainBlock,0,3,1,0,20
2026-02-19 01:00:00,Library,1,3,1,0,13
2026-02-19 01:00:00,Gate3,1,3,1,0,13
2026-02-19 01:00:00,Cafeteria,1,3,1,0,18
2026-02-19 01:00:00,HostelArea,1,3,1,0,18
2026-02-19 01:00:00,MainBlock,1,3,1,0,23
2026-02-19 02:00:00,Library,2,3,1,0,19
2026-02-19 02:00:00,Gate3,2,3,1,0,20
2026-02-19 02:00:00,Cafeteria,2,3,1,0,19
2026-02-19 02:00:00,HostelArea,2,3,1,0,15
2026-02-19 02:00:00,MainBlock,2,3,1,0,18
2026-02-19 03:00:00,Library,3,3,1,0,20
2026-02-19 03:00:00,Gate3,3,3,1,0,20
2026-02-19 03:00:00,Cafeteria,3,3,1,0,13
2026-02-19 03:00:00,HostelArea,3,3,1,0,21
2026-02-19 03:00:00,MainBlock,3,3,1,0,14
2026-02-19 04:00:00,Library,4,3,1,0,23
2026-02-19 04:00:00,Gate3,4,3,1,0,13
2026-02-19 04:00:00,Cafeteria,4,3,1,0,21
2026-02-19 04:00:00,HostelArea,4,3,1,0,27
2026-02-19 04:00:00,MainBlock,4,3,1,0,22
2026-02-19 05:00:00,Library,5,3,1,0,20
2026-02-19 05:00:00,Gate3,5,3,1,0,28
2026-02-19 05:00:00,Cafeteria,5,3,1,0,20
2026-02-19 05:00:00,HostelArea,5,3,1,0,19
2026-02-19 05:00:00,MainBlock,5,3,1,0,24
2026-02-19 06:00:00,Library,6,3,1,0,13
2026-02-19 06:00:00,Gate3,6,3,1,0,25
2026-02-19 06:00:00,Cafeteria,6,3,1,0,20
2026-02-19 06:00:00,HostelArea,6,3,1,0,21
2026-02-19 06:00:00,MainBlock,6,3,1,0,18
2026-02-19 07:00:00,Library,7,3,1,0,17
2026-02-19 07:00:00,Gate3,7,3,1,0,17
2026-02-19 07:00:00,Cafeteria,7,3,1,0,22
2026-02-19 07:00:00,HostelArea,7,3,1,0,21
2026-02-19 07:00:00,MainBlock,7,3,1,0,23
2026-02-19 08:00:00,Library,8,3,1,0,57
2026-02-19 08:00:00,Gate3,8,3,1,0,51
2026-02-19 08:00:00,Cafeteria,8,3,1,0,53
2026-02-19 08:00:00,HostelArea,8,3,1,0,64
2026-02-19 08:00:00,MainBlock,8,3,1,0,59
2026-02-19 09:00:00,Library,9,3,1,0,62
2026-02-19 09:00:00,Gate3,9,3,1,0,89
2026-02-19 09:00:00,Cafeteria,9,3,1,0,58
2026-02-19 09:00:00,HostelArea,9,3,1,0,69
2026-02-19 09:00:00,MainBlock,9,3,1,0,69
2026-02-19 10:00:00,Library,10,3,1,0,41
2026-02-19 10:00:00,Gate3,10,3,1,0,62
2026-02-19 10:00:00,Cafeteria,10,3,1,0,59
2026-02-19 10:00:00,HostelArea,10,3,1,0,42
2026-02-19 10:00:00,MainBlock,10,3,1,0,71
2026-02-19 11:00:00,Library,11,3,1,0,78
2026-02-19 11:00:00,Gate3,11,3,1,0,57
2026-02-19 11:00:00,Cafeteria,11,3,1,0,60
2026-02-19 11:00:00,HostelArea,11,3,1,0,54
2026-02-19 11:00:00,MainBlock,11,3,1,0,47
2026-02-19 12:00:00,Library,12,3,1,0,101
2026-02-19 12:00:00,Gate3,12,3,1,0,107
2026-02-19 12:00:00,Cafeteria,12,3,1,0,126
2026-02-19 12:00:00,HostelArea,12,3,1,0,94
2026-02-19 12:00:00,MainBlock,12,3,1,0,125
2026-02-19 13:00:00,Library,13,3,1,0,69
2026-02-19 13:00:00,Gate3,13,3,1,0,54
2026-02-19 13:00:00,Cafeteria,13,3,1,0,88
2026-02-19 13:00:00,HostelArea,13,3,1,0,93
2026-02-19 13:00:00,MainBlock,13,3,1,0,97
2026-02-19 14:00:00,Library,14,3,1,0,103
2026-02-19 14:00:00,Gate3,14,3,1,0,106
2026-02-19 14:00:00,Cafeteria,14,3,1,0,135
2026-02-19 14:00:00,HostelArea,14,3,1,0,95
2026-02-19 14:00:00,MainBlock,14,3,1,0,108
2026-02-19 15:00:00,Library,15,3,1,0,57
2026-02-19 15:00:00,Gate3,15,3,1,0,51
2026-02-19 15:00:00,Cafeteria,15,3,1,0,58
2026-02-19 15:00:00,HostelArea,15,3,1,0,59
2026-02-19 15:00:00,MainBlock,15,3,1,0,67
2026-02-19 16:00:00,Library,16,3,1,0,110
2026-02-19 16:00:00,Gate3,16,3,1,0,114
2026-02-19 16:00:00,Cafeteria,16,3,1,0,100
2026-02-19 16:00:00,HostelArea,16,3,1,0,87
2026-02-19 16:00:00,MainBlock,16,3,1,0,107
2026-02-19 17:00:00,Library,17,3,1,0,184
2026-02-19 17:00:00,Gate3,17,3,1,0,195
2026-02-19 17:00:00,Cafeteria,17,3,1,0,181
2026-02-19 17:00:00,HostelArea,17,3,1,0,184
2026-02-19 17:00:00,MainBlock,17,3,1,0,235
2026-02-19 18:00:00,Library,18,3,1,0,178
2026-02-19 18:00:00,Gate3,18,3,1,0,266
2026-02-19 18:00:00,Cafeteria,18,3,1,0,222
2026-02-19 18:00:00,HostelArea,18,3,1,0,231
2026-02-19 18:00:00,MainBlock,18,3,1,0,131
2026-02-19 19:00:00,Library,19,3,1,0,24
2026-02-19 19:00:00,Gate3,19,3,1,0,35
2026-02-19 19:00:00,Cafeteria,19,3,1,0,32
2026-02-19 19:00:00,HostelArea,19,3,1,0,42
2026-02-19 19:00:00,MainBlock,19,3,1,0,42
2026-02-19 20:00:00,Library,20,3,1,0,33
2026-02-19 20:00:00,Gate3,20,3,1,0,44
2026-02-19 20:00:00,Cafeteria,20,3,1,0,37
2026-02-19 20:00:00,HostelArea,20,3,1,0,40
2026-02-19 20:00:00,MainBlock,20,3,1,0,25
2026-02-19 21:00:00,Library,21,3,1,0,44
2026-02-19 21:00:00,Gate3,21,3,1,0,41
2026-02-19 21:00:00,Cafeteria,21,3,1,0,34
2026-02-19 21:00:00,HostelArea,21,3,1,0,34
2026-02-19 21:00:00,MainBlock,21,3,1,0,22
2026-02-19 22:00:00,Library,22,3,1,0,64
2026-02-19 22:00:00,Gate3,22,3,1,0,26
2026-02-19 22:00:00,Cafeteria,22,3,1,0,33
2026-02-19 22:00:00,HostelArea,22,3,1,0,40
2026-02-19 22:00:00,MainBlock,22,3,1,0,41
2026-02-19 23:00:00,Library,23,3,1,0,60
2026-02-19 23:00:00,Gate3,23,3,1,0,36
2026-02-19 23:00:00,Cafeteria,23,3,1,0,43
2026-02-19 23:00:00,HostelArea,23,3,1,0,41
2026-02-19 23:00:00,MainBlock,23,3,1,0,41
2026-02-20 00:00:00,Library,0,4,0,0,20
2026-02-20 00:00:00,Gate3,0,4,0,0,16
2026-02-20 00:00:00,Cafeteria,0,4,0,0,25
2026-02-20 00:00:00,HostelArea,0,4,0,0,20
2026-02-20 00:00:00,MainBlock,0,4,0,0,18
2026-02-20 01:00:00,Library,1,4,0,0,21
2026-02-20 01:00:00,Gate3,1,4,0,0,19
2026-02-20 01:00:00,Cafeteria,1,4,0,0,13
2026-02-20 01:00:00,HostelArea,1,4,0,0,22
2026-02-20 01:00:00,MainBlock,1,4,0,0,13
2026-02-20 02:00:00,Library,2,4,0,0,14
2026-02-20 02:00:00,Gate3,2,4,0,0,21
2026-02-20 02:00:00,Cafeteria,2,4,0,0,25
2026-02-20 02:00:00,HostelArea,2,4,0,0,22
2026-02-20 02:00:00,MainBlock,2,4,0,0,20
2026-02-20 03:00:00,Library,3,4,0,0,17
2026-02-20 03:00:00,Gate3,3,4,0,0,24
2026-02-20 03:00:00,Cafeteria,3,4,0,0,21
2026-02-20 03:00:00,HostelArea,3,4,0,0,20
2026-02-20 03:00:00,MainBlock,3,4,0,0,11
2026-02-20 04:00:00,Library,4,4,0,0,19
2026-02-20 04:00:00,Gate3,4,4,0,0,20
2026-02-20 04:00:00,Cafeteria,4,4,0,0,15
2026-02-20 04:00:00,HostelArea,4,4,0,0,24
2026-02-20 04:00:00,MainBlock,4,4,0,0,19
2026-02-20 05:00:00,Library,5,4,0,0,21
2026-02-20 05:00:00,Gate3,5,4,0,0,19
2026-02-20 05:00:00,Cafeteria,5,4,0,0,21
2026-02-20 05:00:00,HostelArea,5,4,0,0,27
2026-02-20 05:00:00,MainBlock,5,4,0,0,24
2026-02-20 06:00:00,Library,6,4,0,0,21
2026-02-20 06:00:00,Gate3,6,4,0,0,15
2026-02-20 06:00:00,Cafeteria,6,4,0,0,17
2026-02-20 06:00:00,HostelArea,6,4,0,0,31
2026-02-20 06:00:00,MainBlock,6,4,0,0,24
2026-02-20 07:00:00,Library,7,4,0,0,12
2026-02-20 07:00:00,Gate3,7,4,0,0,17
2026-02-20 07:00:00,Cafeteria,7,4,0,0,25
2026-02-20 07:00:00,HostelArea,7,4,0,0,21
2026-02-20 07:00:00,MainBlock,7,4,0,0,14
2026-02-20 08:00:00,Library,8,4,0,0,46
2026-02-20 08:00:00,Gate3,8,4,0,0,72
2026-02-20 08:00:00,Cafeteria,8,4,0,0,41
2026-02-20 08:00:00,HostelArea,8,4,0,0,79
2026-02-20 08:00:00,MainBlock,8,4,0,0,55
2026-02-20 09:00:00,Library,9,4,0,0,59
2026-02-20 09:00:00,Gate3,9,4,0,0,89
2026-02-20 09:00:00,Cafeteria,9,4,0,0,65
2026-02-20 09:00:00,HostelArea,9,4,0,0,63
2026-02-20 09:00:00,MainBlock,9,4,0,0,69
2026-02-20 10:00:00,Library,10,4,0,0,56
2026-02-20 10:00:00,Gate3,10,4,0,0,52
2026-02-20 10:00:00,Cafeteria,10,4,0,0,76
2026-02-20 10:00:00,HostelArea,10,4,0,0,66
2026-02-20 10:00:00,MainBlock,10,4,0,0,36
2026-02-20 11:00:00,Library,11,4,0,0,50
2026-02-20 11:00:00,Gate3,11,4,0,0,88
2026-02-20 11:00:00,Cafeteria,11,4,0,0,65
2026-02-20 11:00:00,HostelArea,11,4,0,0,70
2026-02-20 11:00:00,MainBlock,11,4,0,0,66
2026-02-20 12:00:00,Library,12,4,0,0,90
2026-02-20 12:00:00,Gate3,12,4,0,0,112
2026-02-20 12:00:00,Cafeteria,12,4,0,0,116
2026-02-20 12:00:00,HostelArea,12,4,0,0,124
2026-02-20 12:00:00,MainBlock,12,4,0,0,110
2026-02-20 13:00:00,Library,13,4,0,0,120
2026-02-20 13:00:00,Gate3,13,4,0,0,75
2026-02-20 13:00:00,Cafeteria,13,4,0,0,109
2026-02-20 13:00:00,HostelArea,13,4,0,0,127
2026-02-20 13:00:00,MainBlock,13,4,0,0,114
2026-02-20 14:00:00,Library,14,4,0,0,91
2026-02-20 14:00:00,Gate3,14,4,0,0,91
2026-02-20 14:00:00,Cafeteria,14,4,0,0,119
2026-02-20 14:00:00,HostelArea,14,4,0,0,115
2026-02-20 14:00:00,MainBlock,14,4,0,0,113
2026-02-20 15:00:00,Library,15,4,0,0,52
2026-02-20 15:00:00,Gate3,15,4,0,0,58
2026-02-20 15:00:00,Cafeteria,15,4,0,0,57
2026-02-20 15:00:00,HostelArea,15,4,0,0,70
2026-02-20 15:00:00,MainBlock,15,4,0,0,65
2026-02-20 16:00:00,Library,16,4,0,0,73
2026-02-20 16:00:00,Gate3,16,4,0,0,59
2026-02-20 16:00:00,Cafeteria,16,4,0,0,55
2026-02-20 16:00:00,HostelArea,16,4,0,0,43
2026-02-20 16:00:00,MainBlock,16,4,0,0,58
2026-02-20 17:00:00,Library,17,4,0,0,98
2026-02-20 17:00:00,Gate3,17,4,0,0,179
2026-02-20 17:00:00,Cafeteria,17,4,0,0,115
2026-02-20 17:00:00,HostelArea,17,4,0,0,98
2026-02-20 17:00:00,MainBlock,17,4,0,0,63
2026-02-20 18:00:00,Library,18,4,0,0,110
2026-02-20 18:00:00,Gate3,18,4,0,0,124
2026-02-20 18:00:00,Cafeteria,18,4,0,0,141
2026-02-20 18:00:00,HostelArea,18,4,0,0,101
2026-02-20 18:00:00,MainBlock,18,4,0,0,68
2026-02-20 19:00:00,Library,19,4,0,0,16
2026-02-20 19:00:00,Gate3,19,4,0,0,15
2026-02-20 19:00:00,Cafeteria,19,4,0,0,19
2026-02-20 19:00:00,HostelArea,19,4,0,0,15
2026-02-20 19:00:00,MainBlock,19,4,0,0,21
2026-02-20 20:00:00,Library,20,4,0,0,20
2026-02-20 20:00:00,Gate3,20,4,0,0,14
2026-02-20 20:00:00,Cafeteria,20,4,0,0,20
2026-02-20 20:00:00,HostelArea,20,4,0,0,22
2026-02-20 20:00:00,MainBlock,20,4,0,0,15
2026-02-20 21:00:00,Library,21,4,0,0,20
2026-02-20 21:00:00,Gate3,21,4,0,0,16
2026-02-20 21:00:00,Cafeteria,21,4,0,0,19
2026-02-20 21:00:00,HostelArea,21,4,0,0,20
2026-02-20 21:00:00,MainBlock,21,4,0,0,25
2026-02-20 22:00:00,Library,22,4,0,0,57
2026-02-20 22:00:00,Gate3,22,4,0,0,19
2026-02-20 22:00:00,Cafeteria,22,4,0,0,15
2026-02-20 22:00:00,HostelArea,22,4,0,0,20
2026-02-20 22:00:00,MainBlock,22,4,0,0,19
2026-02-20 23:00:00,Library,23,4,0,0,48
2026-02-20 23:00:00,Gate3,23,4,0,0,16
2026-02-20 23:00:00,Cafeteria,23,4,0,0,18
2026-02-20 23:00:00,HostelArea,23,4,0,0,16
2026-02-20 23:00:00,MainBlock,23,4,0,0,27
2026-02-21 00:00:00,Library,0,5,0,0,11
2026-02-21 00:00:00,Gate3,0,5,0,0,8
2026-02-21 00:00:00,Cafeteria,0,5,0,0,7
2026-02-21 00:00:00,HostelArea,0,5,0,0,9
2026-02-21 00:00:00,MainBlock,0,5,0,0,6
2026-02-21 01:00:00,Library,1,5,0,0,7
2026-02-21 01:00:00,Gate3,1,5,0,0,11
2026-02-21 01:00:00,Cafeteria,1,5,0,0,8
2026-02-21 01:00:00,HostelArea,1,5,0,0,6
2026-02-21 01:00:00,MainBlock,1,5,0,0,8
2026-02-21 02:00:00,Library,2,5,0,0,6
2026-02-21 02:00:00,Gate3,2,5,0,0,7
2026-02-21 02:00:00,Cafeteria,2,5,0,0,7
2026-02-21 02:00:00,HostelArea,2,5,0,0,8
2026-02-21 02:00:00,MainBlock,2,5,0,0,8
2026-02-21 03:00:00,Library,3,5,0,0,7
2026-02-21 03:00:00,Gate3,3,5,0,0,5
2026-02-21 03:00:00,Cafeteria,3,5,0,0,6
2026-02-21 03:00:00,HostelArea,3,5,0,0,9
2026-02-21 03:00:00,MainBlock,3,5,0,0,9
2026-02-21 04:00:00,Library,4,5,0,0,8
2026-02-21 04:00:00,Gate3,4,5,0,0,7
2026-02-21 04:00:00,Cafeteria,4,5,0,0,9
2026-02-21 04:00:00,HostelArea,4,5,0,0,6
2026-02-21 04:00:00,MainBlock,4,5,0,0,5
2026-02-21 05:00:00,Library,5,5,0,0,5
2026-02-21 05:00:00,Gate3,5,5,0,0,6
2026-02-21 05:00:00,Cafeteria,5,5,0,0,7
2026-02-21 05:00:00,HostelArea,5,5,0,0,7
2026-02-21 05:00:00,MainBlock,5,5,0,0,10
2026-02-21 06:00:00,Library,6,5,0,0,7
2026-02-21 06:00:00,Gate3,6,5,0,0,7
2026-02-21 06:00:00,Cafeteria,6,5,0,0,7
2026-02-21 06:00:00,HostelArea,6,5,0,0,8
2026-02-21 06:00:00,MainBlock,6,5,0,0,6
2026-02-21 07:00:00,Library,7,5,0,0,8
2026-02-21 07:00:00,Gate3,7,5,0,0,7
2026-02-21 07:00:00,Cafeteria,7,5,0,0,11
2026-02-21 07:00:00,HostelArea,7,5,0,0,8
2026-02-21 07:00:00,MainBlock,7,5,0,0,9
2026-02-21 08:00:00,Library,8,5,0,0,32
2026-02-21 08:00:00,Gate3,8,5,0,0,31
2026-02-21 08:00:00,Cafeteria,8,5,0,0,26
2026-02-21 08:00:00,HostelArea,8,5,0,0,23
2026-02-21 08:00:00,MainBlock,8,5,0,0,26
2026-02-21 09:00:00,Library,9,5,0,0,27
2026-02-21 09:00:00,Gate3,9,5,0,0,49
2026-02-21 09:00:00,Cafeteria,9,5,0,0,30
2026-02-21 09:00:00,HostelArea,9,5,0,0,30
2026-02-21 09:00:00,MainBlock,9,5,0,0,10
2026-02-21 10:00:00,Library,10,5,0,0,23
2026-02-21 10:00:00,Gate3,10,5,0,0,30
2026-02-21 10:00:00,Cafeteria,10,5,0,0,20
2026-02-21 10:00:00,HostelArea,10,5,0,0,18
2026-02-21 10:00:00,MainBlock,10,5,0,0,26
2026-02-21 11:00:00,Library,11,5,0,0,15
2026-02-21 11:00:00,Gate3,11,5,0,0,15
2026-02-21 11:00:00,Cafeteria,11,5,0,0,26
2026-02-21 11:00:00,HostelArea,11,5,0,0,24
2026-02-21 11:00:00,MainBlock,11,5,0,0,25
2026-02-21 12:00:00,Library,12,5,0,0,45
2026-02-21 12:00:00,Gate3,12,5,0,0,34
2026-02-21 12:00:00,Cafeteria,12,5,0,0,39
2026-02-21 12:00:00,HostelArea,12,5,0,0,38
2026-02-21 12:00:00,MainBlock,12,5,0,0,33
2026-02-21 13:00:00,Library,13,5,0,0,55
2026-02-21 13:00:00,Gate3,13,5,0,0,42
2026-02-21 13:00:00,Cafeteria,13,5,0,0,43
2026-02-21 13:00:00,HostelArea,13,5,0,0,40
2026-02-21 13:00:00,MainBlock,13,5,0,0,40
2026-02-21 14:00:00,Library,14,5,0,0,43
2026-02-21 14:00:00,Gate3,14,5,0,0,54
2026-02-21 14:00:00,Cafeteria,14,5,0,0,41
2026-02-21 14:00:00,HostelArea,14,5,0,0,37
2026-02-21 14:00:00,MainBlock,14,5,0,0,52
2026-02-21 15:00:00,Library,15,5,0,0,23
2026-02-21 15:00:00,Gate3,15,5,0,0,30
2026-02-21 15:00:00,Cafeteria,15,5,0,0,17
2026-02-21 15:00:00,HostelArea,15,5,0,0,30
2026-02-21 15:00:00,MainBlock,15,5,0,0,26
2026-02-21 16:00:00,Library,16,5,0,0,24
2026-02-21 16:00:00,Gate3,16,5,0,0,24
2026-02-21 16:00:00,Cafeteria,16,5,0,0,24
2026-02-21 16:00:00,HostelArea,16,5,0,0,19
2026-02-21 16:00:00,MainBlock,16,5,0,0,20
2026-02-21 17:00:00,Library,17,5,0,0,47
2026-02-21 17:00:00,Gate3,17,5,0,0,47
2026-02-21 17:00:00,Cafeteria,17,5,0,0,22
2026-02-21 17:00:00,HostelArea,17,5,0,0,50
2026-02-21 17:00:00,MainBlock,17,5,0,0,30
2026-02-21 18:00:00,Library,18,5,0,0,29
2026-02-21 18:00:00,Gate3,18,5,0,0,50
2026-02-21 18:00:00,Cafeteria,18,5,0,0,58
2026-02-21 18:00:00,HostelArea,18,5,0,0,40
2026-02-21 18:00:00,MainBlock,18,5,0,0,40
2026-02-21 19:00:00,Library,19,5,0,0,8
2026-02-21 19:00:00,Gate3,19,5,0,0,10
2026-02-21 19:00:00,Cafeteria,19,5,0,0,8
2026-02-21 19:00:00,HostelArea,19,5,0,0,5
2026-02-21 19:00:00,MainBlock,19,5,0,0,6
2026-02-21 20:00:00,Library,20,5,0,0,8
2026-02-21 20:00:00,Gate3,20,5,0,0,8
2026-02-21 20:00:00,Cafeteria,20,5,0,0,7
2026-02-21 20:00:00,HostelArea,20,5,0,0,9
2026-02-21 20:00:00,MainBlock,20,5,0,0,7
2026-02-21 21:00:00,Library,21,5,0,0,10
2026-02-21 21:00:00,Gate3,21,5,0,0,6
2026-02-21 21:00:00,Cafeteria,21,5,0,0,7
2026-02-21 21:00:00,HostelArea,21,5,0,0,8
2026-02-21 21:00:00,MainBlock,21,5,0,0,7
2026-02-21 22:00:00,Library,22,5,0,0,14
2026-02-21 22:00:00,Gate3,22,5,0,0,7
2026-02-21 22:00:00,Cafeteria,22,5,0,0,9
2026-02-21 22:00:00,HostelArea,22,5,0,0,7
2026-02-21 22:00:00,MainBlock,22,5,0,0,10
2026-02-21 23:00:00,Library,23,5,0,0,17
2026-02-21 23:00:00,Gate3,23,5,0,0,8
2026-02-21 23:00:00,Cafeteria,23,5,0,0,7
2026-02-21 23:00:00,HostelArea,23,5,0,0,7
2026-02-21 23:00:00,MainBlock,23,5,0,0,7
2026-02-22 00:00:00,Library,0,6,0,0,9
2026-02-22 00:00:00,Gate3,0,6,0,0,7
2026-02-22 00:00:00,Cafeteria,0,6,0,0,9
2026-02-22 00:00:00,HostelArea,0,6,0,0,8
2026-02-22 00:00:00,MainBlock,0,6,0,0,8
2026-02-22 01:00:00,Library,1,6,0,0,8
2026-02-22 01:00:00,Gate3,1,6,0,0,8
2026-02-22 01:00:00,Cafeteria,1,6,0,0,9
2026-02-22 01:00:00,HostelArea,1,6,0,0,10
2026-02-22 01:00:00,MainBlock,1,6,0,0,9
2026-02-22 02:00:00,Library,2,6,0,0,10
2026-02-22 02:00:00,Gate3,2,6,0,0,7
2026-02-22 02:00:00,Cafeteria,2,6,0,0,7
2026-02-22 02:00:00,HostelArea,2,6,0,0,9
2026-02-22 02:00:00,MainBlock,2,6,0,0,6
2026-02-22 03:00:00,Library,3,6,0,0,8
2026-02-22 03:00:00,Gate3,3,6,0,0,8
2026-02-22 03:00:00,Cafeteria,3,6,0,0,7
2026-02-22 03:00:00,HostelArea,3,6,0,0,7
2026-02-22 03:00:00,MainBlock,3,6,0,0,4
2026-02-22 04:00:00,Library,4,6,0,0,7
2026-02-22 04:00:00,Gate3,4,6,0,0,8
2026-02-22 04:00:00,Cafeteria,4,6,0,0,6
2026-02-22 04:00:00,HostelArea,4,6,0,0,9
2026-02-22 04:00:00,MainBlock,4,6,0,0,7
2026-02-22 05:00:00,Library,5,6,0,0,8
2026-02-22 05:00:00,Gate3,5,6,0,0,11
2026-02-22 05:00:00,Cafeteria,5,6,0,0,7
2026-02-22 05:00:00,HostelArea,5,6,0,0,6
2026-02-22 05:00:00,MainBlock,5,6,0,0,8
2026-02-22 06:00:00,Library,6,6,0,0,8
2026-02-22 06:00:00,Gate3,6,6,0,0,4
2026-02-22 06:00:00,Cafeteria,6,6,0,0,10
2026-02-22 06:00:00,HostelArea,6,6,0,0,8
2026-02-22 06:00:00,MainBlock,6,6,0,0,7
2026-02-22 07:00:00,Library,7,6,0,0,8
2026-02-22 07:00:00,Gate3,7,6,0,0,6
2026-02-22 07:00:00,Cafeteria,7,6,0,0,9
2026-02-22 07:00:00,HostelArea,7,6,0,0,8
2026-02-22 07:00:00,MainBlock,7,6,0,0,8
2026-02-22 08:00:00,Library,8,6,0,0,28
2026-02-22 08:00:00,Gate3,8,6,0,0,23
2026-02-22 08:00:00,Cafeteria,8,6,0,0,33
2026-02-22 08:00:00,HostelArea,8,6,0,0,29
2026-02-22 08:00:00,MainBlock,8,6,0,0,22
2026-02-22 09:00:00,Library,9,6,0,0,23
2026-02-22 09:00:00,Gate3,9,6,0,0,37
2026-02-22 09:00:00,Cafeteria,9,6,0,0,22
2026-02-22 09:00:00,HostelArea,9,6,0,0,23
2026-02-22 09:00:00,MainBlock,9,6,0,0,26
2026-02-22 10:00:00,Library,10,6,0,0,17
2026-02-22 10:00:00,Gate3,10,6,0,0,28
2026-02-22 10:00:00,Cafeteria,10,6,0,0,19
2026-02-22 10:00:00,HostelArea,10,6,0,0,22
2026-02-22 10:00:00,MainBlock,10,6,0,0,15
2026-02-22 11:00:00,Library,11,6,0,0,29
2026-02-22 11:00:00,Gate3,11,6,0,0,30
2026-02-22 11:00:00,Cafeteria,11,6,0,0,21
2026-02-22 11:00:00,HostelArea,11,6,0,0,28
2026-02-22 11:00:00,MainBlock,11,6,0,0,22
2026-02-22 12:00:00,Library,12,6,0,0,38
2026-02-22 12:00:00,Gate3,12,6,0,0,40
2026-02-22 12:00:00,Cafeteria,12,6,0,0,50
2026-02-22 12:00:00,HostelArea,12,6,0,0,32
2026-02-22 12:00:00,MainBlock,12,6,0,0,33
2026-02-22 13:00:00,Library,13,6,0,0,46
2026-02-22 13:00:00,Gate3,13,6,0,0,51
2026-02-22 13:00:00,Cafeteria,13,6,0,0,35
2026-02-22 13:00:00,HostelArea,13,6,0,0,34
2026-02-22 13:00:00,MainBlock,13,6,0,0,38
2026-02-22 14:00:00,Library,14,6,0,0,37
2026-02-22 14:00:00,Gate3,14,6,0,0,36
2026-02-22 14:00:00,Cafeteria,14,6,0,0,55
2026-02-22 14:00:00,HostelArea,14,6,0,0,46
2026-02-22 14:00:00,MainBlock,14,6,0,0,33
2026-02-22 15:00:00,Library,15,6,0,0,25
2026-02-22 15:00:00,Gate3,15,6,0,0,26
2026-02-22 15:00:00,Cafeteria,15,6,0,0,27
2026-02-22 15:00:00,HostelArea,15,6,0,0,14
2026-02-22 15:00:00,MainBlock,15,6,0,0,23
2026-02-22 16:00:00,Library,16,6,0,0,16
2026-02-22 16:00:00,Gate3,16,6,0,0,17
2026-02-22 16:00:00,Cafeteria,16,6,0,0,23
2026-02-22 16:00:00,HostelArea,16,6,0,0,23
2026-02-22 16:00:00,MainBlock,16,6,0,0,20
2026-02-22 17:00:00,Library,17,6,0,0,37
2026-02-22 17:00:00,Gate3,17,6,0,0,48
2026-02-22 17:00:00,Cafeteria,17,6,0,0,27
2026-02-22 17:00:00,HostelArea,17,6,0,0,24
2026-02-22 17:00:00,MainBlock,17,6,0,0,35
2026-02-22 18:00:00,Library,18,6,0,0,47
2026-02-22 18:00:00,Gate3,18,6,0,0,28
2026-02-22 18:00:00,Cafeteria,18,6,0,0,44
2026-02-22 18:00:00,HostelArea,18,6,0,0,44
2026-02-22 18:00:00,MainBlock,18,6,0,0,35
2026-02-22 19:00:00,Library,19,6,0,0,10
2026-02-22 19:00:00,Gate3,19,6,0,0,6
2026-02-22 19:00:00,Cafeteria,19,6,0,0,6
2026-02-22 19:00:00,HostelArea,19,6,0,0,10
2026-02-22 19:00:00,MainBlock,19,6,0,0,7
2026-02-22 20:00:00,Library,20,6,0,0,6
2026-02-22 20:00:00,Gate3,20,6,0,0,7
2026-02-22 20:00:00,Cafeteria,20,6,0,0,7
2026-02-22 20:00:00,HostelArea,20,6,0,0,7
2026-02-22 20:00:00,MainBlock,20,6,0,0,7
2026-02-22 21:00:00,Library,21,6,0,0,7
2026-02-22 21:00:00,Gate3,21,6,0,0,7
2026-02-22 21:00:00,Cafeteria,21,6,0,0,8
2026-02-22 21:00:00,HostelArea,21,6,0,0,7
2026-02-22 21:00:00,MainBlock,21,6,0,0,5
2026-02-22 22:00:00,Library,22,6,0,0,17
2026-02-22 22:00:00,Gate3,22,6,0,0,8
2026-02-22 22:00:00,Cafeteria,22,6,0,0,7
2026-02-22 22:00:00,HostelArea,22,6,0,0,6
2026-02-22 22:00:00,MainBlock,22,6,0,0,8
2026-02-22 23:00:00,Library,23,6,0,0,14
2026-02-22 23:00:00,Gate3,23,6,0,0,7
2026-02-22 23:00:00,Cafeteria,23,6,0,0,10
2026-02-22 23:00:00,HostelArea,23,6,0,0,7
2026-02-22 23:00:00,MainBlock,23,6,0,0,7
